-- phpMyAdmin SQL Dump
-- version 4.1.12
-- http://www.phpmyadmin.net
--
-- Host: 127.0.0.1
-- Generation Time: Sep 29, 2014 at 09:41 PM
-- Server version: 5.5.36
-- PHP Version: 5.4.27

SET SQL_MODE = "NO_AUTO_VALUE_ON_ZERO";
SET time_zone = "+00:00";


/*!40101 SET @OLD_CHARACTER_SET_CLIENT=@@CHARACTER_SET_CLIENT */;
/*!40101 SET @OLD_CHARACTER_SET_RESULTS=@@CHARACTER_SET_RESULTS */;
/*!40101 SET @OLD_COLLATION_CONNECTION=@@COLLATION_CONNECTION */;
/*!40101 SET NAMES utf8 */;

--
-- Database: `db_lms_ghnhs`
--

-- --------------------------------------------------------

--
-- Table structure for table `tbl_account`
--

CREATE TABLE IF NOT EXISTS `tbl_account` (
  `acct_id` int(11) NOT NULL AUTO_INCREMENT,
  `acct_username` varchar(250) NOT NULL,
  `acct_password` varchar(250) NOT NULL,
  `acct_type_name` varchar(250) NOT NULL COMMENT 'FK',
  PRIMARY KEY (`acct_id`),
  KEY `FK_tbl_account_from_tbl_account_type` (`acct_type_name`)
) ENGINE=InnoDB  DEFAULT CHARSET=latin1 AUTO_INCREMENT=25 ;

--
-- Dumping data for table `tbl_account`
--

INSERT INTO `tbl_account` (`acct_id`, `acct_username`, `acct_password`, `acct_type_name`) VALUES
(11, 'it-admin', 'it-admin', 'it_staff'),
(14, 'Marvin2014', 'Marvin2014', 'student'),
(18, 'subj-co-1', 'subj-co-1', 'subject_coordinator'),
(19, 'rojan2014', 'rojan2014', 'student'),
(22, 'yeng2014', 'yeng2014', 'student'),
(23, 'test-sub-co', 'test-sub-co', 'subject_coordinator'),
(24, 'test-it-i', 'test-it-i', 'it_staff');

-- --------------------------------------------------------

--
-- Table structure for table `tbl_account_type`
--

CREATE TABLE IF NOT EXISTS `tbl_account_type` (
  `acct_type_name` varchar(250) NOT NULL,
  PRIMARY KEY (`acct_type_name`),
  UNIQUE KEY `account_type_name` (`acct_type_name`)
) ENGINE=InnoDB DEFAULT CHARSET=latin1;

--
-- Dumping data for table `tbl_account_type`
--

INSERT INTO `tbl_account_type` (`acct_type_name`) VALUES
('it_staff'),
('student'),
('subject_coordinator');

-- --------------------------------------------------------

--
-- Table structure for table `tbl_it_staff`
--

CREATE TABLE IF NOT EXISTS `tbl_it_staff` (
  `it_id` int(11) NOT NULL AUTO_INCREMENT,
  `it_fname` varchar(250) NOT NULL,
  `it_lname` varchar(250) NOT NULL,
  `it_mname` varchar(250) NOT NULL,
  `it_gender` varchar(250) NOT NULL,
  `it_bday` date NOT NULL,
  `acct_id` int(11) NOT NULL,
  PRIMARY KEY (`it_id`),
  KEY `FK_tbl_it_staff_from_tbl_account` (`acct_id`)
) ENGINE=InnoDB  DEFAULT CHARSET=latin1 AUTO_INCREMENT=3 ;

--
-- Dumping data for table `tbl_it_staff`
--

INSERT INTO `tbl_it_staff` (`it_id`, `it_fname`, `it_lname`, `it_mname`, `it_gender`, `it_bday`, `acct_id`) VALUES
(1, 'ItFirstname', 'itLastname', 'ItMiddlename', 'Male', '1975-01-01', 11),
(2, 'Test-it-f', 'Test-it-n', 'Test-it-n', 'Male', '1979-02-22', 24);

-- --------------------------------------------------------

--
-- Table structure for table `tbl_lecture`
--

CREATE TABLE IF NOT EXISTS `tbl_lecture` (
  `lec_id` int(11) NOT NULL AUTO_INCREMENT,
  `lec_title` varchar(250) NOT NULL,
  `lec_date_uploaded` date NOT NULL,
  `lec_remarks` varchar(250) NOT NULL,
  `lec_file_name` varchar(250) NOT NULL,
  `lec_file_type` varchar(250) NOT NULL,
  `lec_file_location` varchar(250) NOT NULL,
  `lec_file_BLOB` blob,
  `subj_co_id` int(11) NOT NULL COMMENT 'FK (Id of Subj co who uploaded the file)',
  `lesson_id` int(11) NOT NULL COMMENT 'FK',
  PRIMARY KEY (`lec_id`),
  KEY `FK_tbl_lecture_from_tbl_subject_coordinator` (`subj_co_id`),
  KEY `FK_tbl_lecture_from_tbl_lesson` (`lesson_id`)
) ENGINE=InnoDB  DEFAULT CHARSET=latin1 AUTO_INCREMENT=3 ;

--
-- Dumping data for table `tbl_lecture`
--

INSERT INTO `tbl_lecture` (`lec_id`, `lec_title`, `lec_date_uploaded`, `lec_remarks`, `lec_file_name`, `lec_file_type`, `lec_file_location`, `lec_file_BLOB`, `subj_co_id`, `lesson_id`) VALUES
(2, 'test-lecture-english.pdf', '2014-09-28', 'test remrsds', 'test-lecture-english.pdf', 'application/pdf', 'upload/lecture/', '', 3, 1);

-- --------------------------------------------------------

--
-- Table structure for table `tbl_lesson`
--

CREATE TABLE IF NOT EXISTS `tbl_lesson` (
  `lesson_id` int(11) NOT NULL AUTO_INCREMENT,
  `level_id` int(11) NOT NULL COMMENT 'FK(under what level the lesson is)',
  `subj_id` int(11) NOT NULL COMMENT 'FK(under what subject the lesson is)',
  `month_quarter_id` int(11) NOT NULL COMMENT 'FK(under what month quarter the lesson is)',
  `sy_id` int(11) NOT NULL COMMENT 'FK(under what school year the lesson is)',
  PRIMARY KEY (`lesson_id`),
  KEY `FK_tbl_lesson_from_tbl_subject` (`subj_id`),
  KEY `FK_tbl_lesson_from_tbl_school_year` (`sy_id`),
  KEY `FK_tbl_lesson_from_tbl_level` (`level_id`),
  KEY `FK_tbl_lesson` (`month_quarter_id`)
) ENGINE=InnoDB  DEFAULT CHARSET=latin1 AUTO_INCREMENT=1153 ;

--
-- Dumping data for table `tbl_lesson`
--

INSERT INTO `tbl_lesson` (`lesson_id`, `level_id`, `subj_id`, `month_quarter_id`, `sy_id`) VALUES
(1, 1, 1, 1, 1),
(2, 2, 1, 1, 1),
(3, 3, 1, 1, 1),
(4, 4, 1, 1, 1),
(5, 1, 1, 2, 1),
(6, 2, 1, 2, 1),
(7, 3, 1, 2, 1),
(8, 4, 1, 2, 1),
(9, 1, 1, 3, 1),
(10, 2, 1, 3, 1),
(11, 3, 1, 3, 1),
(12, 4, 1, 3, 1),
(13, 1, 1, 4, 1),
(14, 2, 1, 4, 1),
(15, 3, 1, 4, 1),
(16, 4, 1, 4, 1),
(17, 1, 1, 5, 1),
(18, 2, 1, 5, 1),
(19, 3, 1, 5, 1),
(20, 4, 1, 5, 1),
(21, 1, 1, 6, 1),
(22, 2, 1, 6, 1),
(23, 3, 1, 6, 1),
(24, 4, 1, 6, 1),
(25, 1, 1, 7, 1),
(26, 2, 1, 7, 1),
(27, 3, 1, 7, 1),
(28, 4, 1, 7, 1),
(29, 1, 1, 8, 1),
(30, 2, 1, 8, 1),
(31, 3, 1, 8, 1),
(32, 4, 1, 8, 1),
(33, 1, 1, 10, 1),
(34, 2, 1, 10, 1),
(35, 3, 1, 10, 1),
(36, 4, 1, 10, 1),
(37, 1, 1, 11, 1),
(38, 2, 1, 11, 1),
(39, 3, 1, 11, 1),
(40, 4, 1, 11, 1),
(41, 1, 1, 12, 1),
(42, 2, 1, 12, 1),
(43, 3, 1, 12, 1),
(44, 4, 1, 12, 1),
(45, 1, 1, 13, 1),
(46, 2, 1, 13, 1),
(47, 3, 1, 13, 1),
(48, 4, 1, 13, 1),
(49, 1, 1, 14, 1),
(50, 2, 1, 14, 1),
(51, 3, 1, 14, 1),
(52, 4, 1, 14, 1),
(53, 1, 1, 15, 1),
(54, 2, 1, 15, 1),
(55, 3, 1, 15, 1),
(56, 4, 1, 15, 1),
(57, 1, 1, 16, 1),
(58, 2, 1, 16, 1),
(59, 3, 1, 16, 1),
(60, 4, 1, 16, 1),
(61, 1, 1, 17, 1),
(62, 2, 1, 17, 1),
(63, 3, 1, 17, 1),
(64, 4, 1, 17, 1),
(65, 1, 1, 18, 1),
(66, 2, 1, 18, 1),
(67, 3, 1, 18, 1),
(68, 4, 1, 18, 1),
(69, 1, 1, 19, 1),
(70, 2, 1, 19, 1),
(71, 3, 1, 19, 1),
(72, 4, 1, 19, 1),
(73, 1, 1, 20, 1),
(74, 2, 1, 20, 1),
(75, 3, 1, 20, 1),
(76, 4, 1, 20, 1),
(77, 1, 1, 21, 1),
(78, 2, 1, 21, 1),
(79, 3, 1, 21, 1),
(80, 4, 1, 21, 1),
(81, 1, 1, 22, 1),
(82, 2, 1, 22, 1),
(83, 3, 1, 22, 1),
(84, 4, 1, 22, 1),
(85, 1, 1, 23, 1),
(86, 2, 1, 23, 1),
(87, 3, 1, 23, 1),
(88, 4, 1, 23, 1),
(89, 1, 1, 24, 1),
(90, 2, 1, 24, 1),
(91, 3, 1, 24, 1),
(92, 4, 1, 24, 1),
(93, 1, 1, 25, 1),
(94, 2, 1, 25, 1),
(95, 3, 1, 25, 1),
(96, 4, 1, 25, 1),
(97, 1, 1, 26, 1),
(98, 2, 1, 26, 1),
(99, 3, 1, 26, 1),
(100, 4, 1, 26, 1),
(101, 1, 1, 27, 1),
(102, 2, 1, 27, 1),
(103, 3, 1, 27, 1),
(104, 4, 1, 27, 1),
(105, 1, 1, 28, 1),
(106, 2, 1, 28, 1),
(107, 3, 1, 28, 1),
(108, 4, 1, 28, 1),
(109, 1, 1, 29, 1),
(110, 2, 1, 29, 1),
(111, 3, 1, 29, 1),
(112, 4, 1, 29, 1),
(113, 1, 1, 30, 1),
(114, 2, 1, 30, 1),
(115, 3, 1, 30, 1),
(116, 4, 1, 30, 1),
(117, 1, 1, 31, 1),
(118, 2, 1, 31, 1),
(119, 3, 1, 31, 1),
(120, 4, 1, 31, 1),
(121, 1, 1, 32, 1),
(122, 2, 1, 32, 1),
(123, 3, 1, 32, 1),
(124, 4, 1, 32, 1),
(125, 1, 1, 33, 1),
(126, 2, 1, 33, 1),
(127, 3, 1, 33, 1),
(128, 4, 1, 33, 1),
(129, 1, 1, 34, 1),
(130, 2, 1, 34, 1),
(131, 3, 1, 34, 1),
(132, 4, 1, 34, 1),
(133, 1, 1, 35, 1),
(134, 2, 1, 35, 1),
(135, 3, 1, 35, 1),
(136, 4, 1, 35, 1),
(137, 1, 1, 36, 1),
(138, 2, 1, 36, 1),
(139, 3, 1, 36, 1),
(140, 4, 1, 36, 1),
(141, 1, 1, 37, 1),
(142, 2, 1, 37, 1),
(143, 3, 1, 37, 1),
(144, 4, 1, 37, 1),
(145, 1, 1, 38, 1),
(146, 2, 1, 38, 1),
(147, 3, 1, 38, 1),
(148, 4, 1, 38, 1),
(149, 1, 1, 39, 1),
(150, 2, 1, 39, 1),
(151, 3, 1, 39, 1),
(152, 4, 1, 39, 1),
(153, 1, 1, 40, 1),
(154, 2, 1, 40, 1),
(155, 3, 1, 40, 1),
(156, 4, 1, 40, 1),
(157, 1, 1, 41, 1),
(158, 2, 1, 41, 1),
(159, 3, 1, 41, 1),
(160, 4, 1, 41, 1),
(161, 1, 1, 42, 1),
(162, 2, 1, 42, 1),
(163, 3, 1, 42, 1),
(164, 4, 1, 42, 1),
(165, 1, 1, 43, 1),
(166, 2, 1, 43, 1),
(167, 3, 1, 43, 1),
(168, 4, 1, 43, 1),
(169, 1, 1, 44, 1),
(170, 2, 1, 44, 1),
(171, 3, 1, 44, 1),
(172, 4, 1, 44, 1),
(173, 1, 1, 45, 1),
(174, 2, 1, 45, 1),
(175, 3, 1, 45, 1),
(176, 4, 1, 45, 1),
(177, 1, 1, 46, 1),
(178, 2, 1, 46, 1),
(179, 3, 1, 46, 1),
(180, 4, 1, 46, 1),
(181, 1, 1, 47, 1),
(182, 2, 1, 47, 1),
(183, 3, 1, 47, 1),
(184, 4, 1, 47, 1),
(185, 1, 1, 48, 1),
(186, 2, 1, 48, 1),
(187, 3, 1, 48, 1),
(188, 4, 1, 48, 1),
(189, 1, 1, 49, 1),
(190, 2, 1, 49, 1),
(191, 3, 1, 49, 1),
(192, 4, 1, 49, 1),
(193, 1, 2, 1, 1),
(194, 2, 2, 1, 1),
(195, 3, 2, 1, 1),
(196, 4, 2, 1, 1),
(197, 1, 2, 2, 1),
(198, 2, 2, 2, 1),
(199, 3, 2, 2, 1),
(200, 4, 2, 2, 1),
(201, 1, 2, 3, 1),
(202, 2, 2, 3, 1),
(203, 3, 2, 3, 1),
(204, 4, 2, 3, 1),
(205, 1, 2, 4, 1),
(206, 2, 2, 4, 1),
(207, 3, 2, 4, 1),
(208, 4, 2, 4, 1),
(209, 1, 2, 5, 1),
(210, 2, 2, 5, 1),
(211, 3, 2, 5, 1),
(212, 4, 2, 5, 1),
(213, 1, 2, 6, 1),
(214, 2, 2, 6, 1),
(215, 3, 2, 6, 1),
(216, 4, 2, 6, 1),
(217, 1, 2, 7, 1),
(218, 2, 2, 7, 1),
(219, 3, 2, 7, 1),
(220, 4, 2, 7, 1),
(221, 1, 2, 8, 1),
(222, 2, 2, 8, 1),
(223, 3, 2, 8, 1),
(224, 4, 2, 8, 1),
(225, 1, 2, 10, 1),
(226, 2, 2, 10, 1),
(227, 3, 2, 10, 1),
(228, 4, 2, 10, 1),
(229, 1, 2, 11, 1),
(230, 2, 2, 11, 1),
(231, 3, 2, 11, 1),
(232, 4, 2, 11, 1),
(233, 1, 2, 12, 1),
(234, 2, 2, 12, 1),
(235, 3, 2, 12, 1),
(236, 4, 2, 12, 1),
(237, 1, 2, 13, 1),
(238, 2, 2, 13, 1),
(239, 3, 2, 13, 1),
(240, 4, 2, 13, 1),
(241, 1, 2, 14, 1),
(242, 2, 2, 14, 1),
(243, 3, 2, 14, 1),
(244, 4, 2, 14, 1),
(245, 1, 2, 15, 1),
(246, 2, 2, 15, 1),
(247, 3, 2, 15, 1),
(248, 4, 2, 15, 1),
(249, 1, 2, 16, 1),
(250, 2, 2, 16, 1),
(251, 3, 2, 16, 1),
(252, 4, 2, 16, 1),
(253, 1, 2, 17, 1),
(254, 2, 2, 17, 1),
(255, 3, 2, 17, 1),
(256, 4, 2, 17, 1),
(257, 1, 2, 18, 1),
(258, 2, 2, 18, 1),
(259, 3, 2, 18, 1),
(260, 4, 2, 18, 1),
(261, 1, 2, 19, 1),
(262, 2, 2, 19, 1),
(263, 3, 2, 19, 1),
(264, 4, 2, 19, 1),
(265, 1, 2, 20, 1),
(266, 2, 2, 20, 1),
(267, 3, 2, 20, 1),
(268, 4, 2, 20, 1),
(269, 1, 2, 21, 1),
(270, 2, 2, 21, 1),
(271, 3, 2, 21, 1),
(272, 4, 2, 21, 1),
(273, 1, 2, 22, 1),
(274, 2, 2, 22, 1),
(275, 3, 2, 22, 1),
(276, 4, 2, 22, 1),
(277, 1, 2, 23, 1),
(278, 2, 2, 23, 1),
(279, 3, 2, 23, 1),
(280, 4, 2, 23, 1),
(281, 1, 2, 24, 1),
(282, 2, 2, 24, 1),
(283, 3, 2, 24, 1),
(284, 4, 2, 24, 1),
(285, 1, 2, 25, 1),
(286, 2, 2, 25, 1),
(287, 3, 2, 25, 1),
(288, 4, 2, 25, 1),
(289, 1, 2, 26, 1),
(290, 2, 2, 26, 1),
(291, 3, 2, 26, 1),
(292, 4, 2, 26, 1),
(293, 1, 2, 27, 1),
(294, 2, 2, 27, 1),
(295, 3, 2, 27, 1),
(296, 4, 2, 27, 1),
(297, 1, 2, 28, 1),
(298, 2, 2, 28, 1),
(299, 3, 2, 28, 1),
(300, 4, 2, 28, 1),
(301, 1, 2, 29, 1),
(302, 2, 2, 29, 1),
(303, 3, 2, 29, 1),
(304, 4, 2, 29, 1),
(305, 1, 2, 30, 1),
(306, 2, 2, 30, 1),
(307, 3, 2, 30, 1),
(308, 4, 2, 30, 1),
(309, 1, 2, 31, 1),
(310, 2, 2, 31, 1),
(311, 3, 2, 31, 1),
(312, 4, 2, 31, 1),
(313, 1, 2, 32, 1),
(314, 2, 2, 32, 1),
(315, 3, 2, 32, 1),
(316, 4, 2, 32, 1),
(317, 1, 2, 33, 1),
(318, 2, 2, 33, 1),
(319, 3, 2, 33, 1),
(320, 4, 2, 33, 1),
(321, 1, 2, 34, 1),
(322, 2, 2, 34, 1),
(323, 3, 2, 34, 1),
(324, 4, 2, 34, 1),
(325, 1, 2, 35, 1),
(326, 2, 2, 35, 1),
(327, 3, 2, 35, 1),
(328, 4, 2, 35, 1),
(329, 1, 2, 36, 1),
(330, 2, 2, 36, 1),
(331, 3, 2, 36, 1),
(332, 4, 2, 36, 1),
(333, 1, 2, 37, 1),
(334, 2, 2, 37, 1),
(335, 3, 2, 37, 1),
(336, 4, 2, 37, 1),
(337, 1, 2, 38, 1),
(338, 2, 2, 38, 1),
(339, 3, 2, 38, 1),
(340, 4, 2, 38, 1),
(341, 1, 2, 39, 1),
(342, 2, 2, 39, 1),
(343, 3, 2, 39, 1),
(344, 4, 2, 39, 1),
(345, 1, 2, 40, 1),
(346, 2, 2, 40, 1),
(347, 3, 2, 40, 1),
(348, 4, 2, 40, 1),
(349, 1, 2, 41, 1),
(350, 2, 2, 41, 1),
(351, 3, 2, 41, 1),
(352, 4, 2, 41, 1),
(353, 1, 2, 42, 1),
(354, 2, 2, 42, 1),
(355, 3, 2, 42, 1),
(356, 4, 2, 42, 1),
(357, 1, 2, 43, 1),
(358, 2, 2, 43, 1),
(359, 3, 2, 43, 1),
(360, 4, 2, 43, 1),
(361, 1, 2, 44, 1),
(362, 2, 2, 44, 1),
(363, 3, 2, 44, 1),
(364, 4, 2, 44, 1),
(365, 1, 2, 45, 1),
(366, 2, 2, 45, 1),
(367, 3, 2, 45, 1),
(368, 4, 2, 45, 1),
(369, 1, 2, 46, 1),
(370, 2, 2, 46, 1),
(371, 3, 2, 46, 1),
(372, 4, 2, 46, 1),
(373, 1, 2, 47, 1),
(374, 2, 2, 47, 1),
(375, 3, 2, 47, 1),
(376, 4, 2, 47, 1),
(377, 1, 2, 48, 1),
(378, 2, 2, 48, 1),
(379, 3, 2, 48, 1),
(380, 4, 2, 48, 1),
(381, 1, 2, 49, 1),
(382, 2, 2, 49, 1),
(383, 3, 2, 49, 1),
(384, 4, 2, 49, 1),
(385, 1, 3, 1, 1),
(386, 2, 3, 1, 1),
(387, 3, 3, 1, 1),
(388, 4, 3, 1, 1),
(389, 1, 3, 2, 1),
(390, 2, 3, 2, 1),
(391, 3, 3, 2, 1),
(392, 4, 3, 2, 1),
(393, 1, 3, 3, 1),
(394, 2, 3, 3, 1),
(395, 3, 3, 3, 1),
(396, 4, 3, 3, 1),
(397, 1, 3, 4, 1),
(398, 2, 3, 4, 1),
(399, 3, 3, 4, 1),
(400, 4, 3, 4, 1),
(401, 1, 3, 5, 1),
(402, 2, 3, 5, 1),
(403, 3, 3, 5, 1),
(404, 4, 3, 5, 1),
(405, 1, 3, 6, 1),
(406, 2, 3, 6, 1),
(407, 3, 3, 6, 1),
(408, 4, 3, 6, 1),
(409, 1, 3, 7, 1),
(410, 2, 3, 7, 1),
(411, 3, 3, 7, 1),
(412, 4, 3, 7, 1),
(413, 1, 3, 8, 1),
(414, 2, 3, 8, 1),
(415, 3, 3, 8, 1),
(416, 4, 3, 8, 1),
(417, 1, 3, 10, 1),
(418, 2, 3, 10, 1),
(419, 3, 3, 10, 1),
(420, 4, 3, 10, 1),
(421, 1, 3, 11, 1),
(422, 2, 3, 11, 1),
(423, 3, 3, 11, 1),
(424, 4, 3, 11, 1),
(425, 1, 3, 12, 1),
(426, 2, 3, 12, 1),
(427, 3, 3, 12, 1),
(428, 4, 3, 12, 1),
(429, 1, 3, 13, 1),
(430, 2, 3, 13, 1),
(431, 3, 3, 13, 1),
(432, 4, 3, 13, 1),
(433, 1, 3, 14, 1),
(434, 2, 3, 14, 1),
(435, 3, 3, 14, 1),
(436, 4, 3, 14, 1),
(437, 1, 3, 15, 1),
(438, 2, 3, 15, 1),
(439, 3, 3, 15, 1),
(440, 4, 3, 15, 1),
(441, 1, 3, 16, 1),
(442, 2, 3, 16, 1),
(443, 3, 3, 16, 1),
(444, 4, 3, 16, 1),
(445, 1, 3, 17, 1),
(446, 2, 3, 17, 1),
(447, 3, 3, 17, 1),
(448, 4, 3, 17, 1),
(449, 1, 3, 18, 1),
(450, 2, 3, 18, 1),
(451, 3, 3, 18, 1),
(452, 4, 3, 18, 1),
(453, 1, 3, 19, 1),
(454, 2, 3, 19, 1),
(455, 3, 3, 19, 1),
(456, 4, 3, 19, 1),
(457, 1, 3, 20, 1),
(458, 2, 3, 20, 1),
(459, 3, 3, 20, 1),
(460, 4, 3, 20, 1),
(461, 1, 3, 21, 1),
(462, 2, 3, 21, 1),
(463, 3, 3, 21, 1),
(464, 4, 3, 21, 1),
(465, 1, 3, 22, 1),
(466, 2, 3, 22, 1),
(467, 3, 3, 22, 1),
(468, 4, 3, 22, 1),
(469, 1, 3, 23, 1),
(470, 2, 3, 23, 1),
(471, 3, 3, 23, 1),
(472, 4, 3, 23, 1),
(473, 1, 3, 24, 1),
(474, 2, 3, 24, 1),
(475, 3, 3, 24, 1),
(476, 4, 3, 24, 1),
(477, 1, 3, 25, 1),
(478, 2, 3, 25, 1),
(479, 3, 3, 25, 1),
(480, 4, 3, 25, 1),
(481, 1, 3, 26, 1),
(482, 2, 3, 26, 1),
(483, 3, 3, 26, 1),
(484, 4, 3, 26, 1),
(485, 1, 3, 27, 1),
(486, 2, 3, 27, 1),
(487, 3, 3, 27, 1),
(488, 4, 3, 27, 1),
(489, 1, 3, 28, 1),
(490, 2, 3, 28, 1),
(491, 3, 3, 28, 1),
(492, 4, 3, 28, 1),
(493, 1, 3, 29, 1),
(494, 2, 3, 29, 1),
(495, 3, 3, 29, 1),
(496, 4, 3, 29, 1),
(497, 1, 3, 30, 1),
(498, 2, 3, 30, 1),
(499, 3, 3, 30, 1),
(500, 4, 3, 30, 1),
(501, 1, 3, 31, 1),
(502, 2, 3, 31, 1),
(503, 3, 3, 31, 1),
(504, 4, 3, 31, 1),
(505, 1, 3, 32, 1),
(506, 2, 3, 32, 1),
(507, 3, 3, 32, 1),
(508, 4, 3, 32, 1),
(509, 1, 3, 33, 1),
(510, 2, 3, 33, 1),
(511, 3, 3, 33, 1),
(512, 4, 3, 33, 1),
(513, 1, 3, 34, 1),
(514, 2, 3, 34, 1),
(515, 3, 3, 34, 1),
(516, 4, 3, 34, 1),
(517, 1, 3, 35, 1),
(518, 2, 3, 35, 1),
(519, 3, 3, 35, 1),
(520, 4, 3, 35, 1),
(521, 1, 3, 36, 1),
(522, 2, 3, 36, 1),
(523, 3, 3, 36, 1),
(524, 4, 3, 36, 1),
(525, 1, 3, 37, 1),
(526, 2, 3, 37, 1),
(527, 3, 3, 37, 1),
(528, 4, 3, 37, 1),
(529, 1, 3, 38, 1),
(530, 2, 3, 38, 1),
(531, 3, 3, 38, 1),
(532, 4, 3, 38, 1),
(533, 1, 3, 39, 1),
(534, 2, 3, 39, 1),
(535, 3, 3, 39, 1),
(536, 4, 3, 39, 1),
(537, 1, 3, 40, 1),
(538, 2, 3, 40, 1),
(539, 3, 3, 40, 1),
(540, 4, 3, 40, 1),
(541, 1, 3, 41, 1),
(542, 2, 3, 41, 1),
(543, 3, 3, 41, 1),
(544, 4, 3, 41, 1),
(545, 1, 3, 42, 1),
(546, 2, 3, 42, 1),
(547, 3, 3, 42, 1),
(548, 4, 3, 42, 1),
(549, 1, 3, 43, 1),
(550, 2, 3, 43, 1),
(551, 3, 3, 43, 1),
(552, 4, 3, 43, 1),
(553, 1, 3, 44, 1),
(554, 2, 3, 44, 1),
(555, 3, 3, 44, 1),
(556, 4, 3, 44, 1),
(557, 1, 3, 45, 1),
(558, 2, 3, 45, 1),
(559, 3, 3, 45, 1),
(560, 4, 3, 45, 1),
(561, 1, 3, 46, 1),
(562, 2, 3, 46, 1),
(563, 3, 3, 46, 1),
(564, 4, 3, 46, 1),
(565, 1, 3, 47, 1),
(566, 2, 3, 47, 1),
(567, 3, 3, 47, 1),
(568, 4, 3, 47, 1),
(569, 1, 3, 48, 1),
(570, 2, 3, 48, 1),
(571, 3, 3, 48, 1),
(572, 4, 3, 48, 1),
(573, 1, 3, 49, 1),
(574, 2, 3, 49, 1),
(575, 3, 3, 49, 1),
(576, 4, 3, 49, 1),
(577, 1, 4, 1, 1),
(578, 2, 4, 1, 1),
(579, 3, 4, 1, 1),
(580, 4, 4, 1, 1),
(581, 1, 4, 2, 1),
(582, 2, 4, 2, 1),
(583, 3, 4, 2, 1),
(584, 4, 4, 2, 1),
(585, 1, 4, 3, 1),
(586, 2, 4, 3, 1),
(587, 3, 4, 3, 1),
(588, 4, 4, 3, 1),
(589, 1, 4, 4, 1),
(590, 2, 4, 4, 1),
(591, 3, 4, 4, 1),
(592, 4, 4, 4, 1),
(593, 1, 4, 5, 1),
(594, 2, 4, 5, 1),
(595, 3, 4, 5, 1),
(596, 4, 4, 5, 1),
(597, 1, 4, 6, 1),
(598, 2, 4, 6, 1),
(599, 3, 4, 6, 1),
(600, 4, 4, 6, 1),
(601, 1, 4, 7, 1),
(602, 2, 4, 7, 1),
(603, 3, 4, 7, 1),
(604, 4, 4, 7, 1),
(605, 1, 4, 8, 1),
(606, 2, 4, 8, 1),
(607, 3, 4, 8, 1),
(608, 4, 4, 8, 1),
(609, 1, 4, 10, 1),
(610, 2, 4, 10, 1),
(611, 3, 4, 10, 1),
(612, 4, 4, 10, 1),
(613, 1, 4, 11, 1),
(614, 2, 4, 11, 1),
(615, 3, 4, 11, 1),
(616, 4, 4, 11, 1),
(617, 1, 4, 12, 1),
(618, 2, 4, 12, 1),
(619, 3, 4, 12, 1),
(620, 4, 4, 12, 1),
(621, 1, 4, 13, 1),
(622, 2, 4, 13, 1),
(623, 3, 4, 13, 1),
(624, 4, 4, 13, 1),
(625, 1, 4, 14, 1),
(626, 2, 4, 14, 1),
(627, 3, 4, 14, 1),
(628, 4, 4, 14, 1),
(629, 1, 4, 15, 1),
(630, 2, 4, 15, 1),
(631, 3, 4, 15, 1),
(632, 4, 4, 15, 1),
(633, 1, 4, 16, 1),
(634, 2, 4, 16, 1),
(635, 3, 4, 16, 1),
(636, 4, 4, 16, 1),
(637, 1, 4, 17, 1),
(638, 2, 4, 17, 1),
(639, 3, 4, 17, 1),
(640, 4, 4, 17, 1),
(641, 1, 4, 18, 1),
(642, 2, 4, 18, 1),
(643, 3, 4, 18, 1),
(644, 4, 4, 18, 1),
(645, 1, 4, 19, 1),
(646, 2, 4, 19, 1),
(647, 3, 4, 19, 1),
(648, 4, 4, 19, 1),
(649, 1, 4, 20, 1),
(650, 2, 4, 20, 1),
(651, 3, 4, 20, 1),
(652, 4, 4, 20, 1),
(653, 1, 4, 21, 1),
(654, 2, 4, 21, 1),
(655, 3, 4, 21, 1),
(656, 4, 4, 21, 1),
(657, 1, 4, 22, 1),
(658, 2, 4, 22, 1),
(659, 3, 4, 22, 1),
(660, 4, 4, 22, 1),
(661, 1, 4, 23, 1),
(662, 2, 4, 23, 1),
(663, 3, 4, 23, 1),
(664, 4, 4, 23, 1),
(665, 1, 4, 24, 1),
(666, 2, 4, 24, 1),
(667, 3, 4, 24, 1),
(668, 4, 4, 24, 1),
(669, 1, 4, 25, 1),
(670, 2, 4, 25, 1),
(671, 3, 4, 25, 1),
(672, 4, 4, 25, 1),
(673, 1, 4, 26, 1),
(674, 2, 4, 26, 1),
(675, 3, 4, 26, 1),
(676, 4, 4, 26, 1),
(677, 1, 4, 27, 1),
(678, 2, 4, 27, 1),
(679, 3, 4, 27, 1),
(680, 4, 4, 27, 1),
(681, 1, 4, 28, 1),
(682, 2, 4, 28, 1),
(683, 3, 4, 28, 1),
(684, 4, 4, 28, 1),
(685, 1, 4, 29, 1),
(686, 2, 4, 29, 1),
(687, 3, 4, 29, 1),
(688, 4, 4, 29, 1),
(689, 1, 4, 30, 1),
(690, 2, 4, 30, 1),
(691, 3, 4, 30, 1),
(692, 4, 4, 30, 1),
(693, 1, 4, 31, 1),
(694, 2, 4, 31, 1),
(695, 3, 4, 31, 1),
(696, 4, 4, 31, 1),
(697, 1, 4, 32, 1),
(698, 2, 4, 32, 1),
(699, 3, 4, 32, 1),
(700, 4, 4, 32, 1),
(701, 1, 4, 33, 1),
(702, 2, 4, 33, 1),
(703, 3, 4, 33, 1),
(704, 4, 4, 33, 1),
(705, 1, 4, 34, 1),
(706, 2, 4, 34, 1),
(707, 3, 4, 34, 1),
(708, 4, 4, 34, 1),
(709, 1, 4, 35, 1),
(710, 2, 4, 35, 1),
(711, 3, 4, 35, 1),
(712, 4, 4, 35, 1),
(713, 1, 4, 36, 1),
(714, 2, 4, 36, 1),
(715, 3, 4, 36, 1),
(716, 4, 4, 36, 1),
(717, 1, 4, 37, 1),
(718, 2, 4, 37, 1),
(719, 3, 4, 37, 1),
(720, 4, 4, 37, 1),
(721, 1, 4, 38, 1),
(722, 2, 4, 38, 1),
(723, 3, 4, 38, 1),
(724, 4, 4, 38, 1),
(725, 1, 4, 39, 1),
(726, 2, 4, 39, 1),
(727, 3, 4, 39, 1),
(728, 4, 4, 39, 1),
(729, 1, 4, 40, 1),
(730, 2, 4, 40, 1),
(731, 3, 4, 40, 1),
(732, 4, 4, 40, 1),
(733, 1, 4, 41, 1),
(734, 2, 4, 41, 1),
(735, 3, 4, 41, 1),
(736, 4, 4, 41, 1),
(737, 1, 4, 42, 1),
(738, 2, 4, 42, 1),
(739, 3, 4, 42, 1),
(740, 4, 4, 42, 1),
(741, 1, 4, 43, 1),
(742, 2, 4, 43, 1),
(743, 3, 4, 43, 1),
(744, 4, 4, 43, 1),
(745, 1, 4, 44, 1),
(746, 2, 4, 44, 1),
(747, 3, 4, 44, 1),
(748, 4, 4, 44, 1),
(749, 1, 4, 45, 1),
(750, 2, 4, 45, 1),
(751, 3, 4, 45, 1),
(752, 4, 4, 45, 1),
(753, 1, 4, 46, 1),
(754, 2, 4, 46, 1),
(755, 3, 4, 46, 1),
(756, 4, 4, 46, 1),
(757, 1, 4, 47, 1),
(758, 2, 4, 47, 1),
(759, 3, 4, 47, 1),
(760, 4, 4, 47, 1),
(761, 1, 4, 48, 1),
(762, 2, 4, 48, 1),
(763, 3, 4, 48, 1),
(764, 4, 4, 48, 1),
(765, 1, 4, 49, 1),
(766, 2, 4, 49, 1),
(767, 3, 4, 49, 1),
(768, 4, 4, 49, 1),
(769, 1, 5, 1, 1),
(770, 2, 5, 1, 1),
(771, 3, 5, 1, 1),
(772, 4, 5, 1, 1),
(773, 1, 5, 2, 1),
(774, 2, 5, 2, 1),
(775, 3, 5, 2, 1),
(776, 4, 5, 2, 1),
(777, 1, 5, 3, 1),
(778, 2, 5, 3, 1),
(779, 3, 5, 3, 1),
(780, 4, 5, 3, 1),
(781, 1, 5, 4, 1),
(782, 2, 5, 4, 1),
(783, 3, 5, 4, 1),
(784, 4, 5, 4, 1),
(785, 1, 5, 5, 1),
(786, 2, 5, 5, 1),
(787, 3, 5, 5, 1),
(788, 4, 5, 5, 1),
(789, 1, 5, 6, 1),
(790, 2, 5, 6, 1),
(791, 3, 5, 6, 1),
(792, 4, 5, 6, 1),
(793, 1, 5, 7, 1),
(794, 2, 5, 7, 1),
(795, 3, 5, 7, 1),
(796, 4, 5, 7, 1),
(797, 1, 5, 8, 1),
(798, 2, 5, 8, 1),
(799, 3, 5, 8, 1),
(800, 4, 5, 8, 1),
(801, 1, 5, 10, 1),
(802, 2, 5, 10, 1),
(803, 3, 5, 10, 1),
(804, 4, 5, 10, 1),
(805, 1, 5, 11, 1),
(806, 2, 5, 11, 1),
(807, 3, 5, 11, 1),
(808, 4, 5, 11, 1),
(809, 1, 5, 12, 1),
(810, 2, 5, 12, 1),
(811, 3, 5, 12, 1),
(812, 4, 5, 12, 1),
(813, 1, 5, 13, 1),
(814, 2, 5, 13, 1),
(815, 3, 5, 13, 1),
(816, 4, 5, 13, 1),
(817, 1, 5, 14, 1),
(818, 2, 5, 14, 1),
(819, 3, 5, 14, 1),
(820, 4, 5, 14, 1),
(821, 1, 5, 15, 1),
(822, 2, 5, 15, 1),
(823, 3, 5, 15, 1),
(824, 4, 5, 15, 1),
(825, 1, 5, 16, 1),
(826, 2, 5, 16, 1),
(827, 3, 5, 16, 1),
(828, 4, 5, 16, 1),
(829, 1, 5, 17, 1),
(830, 2, 5, 17, 1),
(831, 3, 5, 17, 1),
(832, 4, 5, 17, 1),
(833, 1, 5, 18, 1),
(834, 2, 5, 18, 1),
(835, 3, 5, 18, 1),
(836, 4, 5, 18, 1),
(837, 1, 5, 19, 1),
(838, 2, 5, 19, 1),
(839, 3, 5, 19, 1),
(840, 4, 5, 19, 1),
(841, 1, 5, 20, 1),
(842, 2, 5, 20, 1),
(843, 3, 5, 20, 1),
(844, 4, 5, 20, 1),
(845, 1, 5, 21, 1),
(846, 2, 5, 21, 1),
(847, 3, 5, 21, 1),
(848, 4, 5, 21, 1),
(849, 1, 5, 22, 1),
(850, 2, 5, 22, 1),
(851, 3, 5, 22, 1),
(852, 4, 5, 22, 1),
(853, 1, 5, 23, 1),
(854, 2, 5, 23, 1),
(855, 3, 5, 23, 1),
(856, 4, 5, 23, 1),
(857, 1, 5, 24, 1),
(858, 2, 5, 24, 1),
(859, 3, 5, 24, 1),
(860, 4, 5, 24, 1),
(861, 1, 5, 25, 1),
(862, 2, 5, 25, 1),
(863, 3, 5, 25, 1),
(864, 4, 5, 25, 1),
(865, 1, 5, 26, 1),
(866, 2, 5, 26, 1),
(867, 3, 5, 26, 1),
(868, 4, 5, 26, 1),
(869, 1, 5, 27, 1),
(870, 2, 5, 27, 1),
(871, 3, 5, 27, 1),
(872, 4, 5, 27, 1),
(873, 1, 5, 28, 1),
(874, 2, 5, 28, 1),
(875, 3, 5, 28, 1),
(876, 4, 5, 28, 1),
(877, 1, 5, 29, 1),
(878, 2, 5, 29, 1),
(879, 3, 5, 29, 1),
(880, 4, 5, 29, 1),
(881, 1, 5, 30, 1),
(882, 2, 5, 30, 1),
(883, 3, 5, 30, 1),
(884, 4, 5, 30, 1),
(885, 1, 5, 31, 1),
(886, 2, 5, 31, 1),
(887, 3, 5, 31, 1),
(888, 4, 5, 31, 1),
(889, 1, 5, 32, 1),
(890, 2, 5, 32, 1),
(891, 3, 5, 32, 1),
(892, 4, 5, 32, 1),
(893, 1, 5, 33, 1),
(894, 2, 5, 33, 1),
(895, 3, 5, 33, 1),
(896, 4, 5, 33, 1),
(897, 1, 5, 34, 1),
(898, 2, 5, 34, 1),
(899, 3, 5, 34, 1),
(900, 4, 5, 34, 1),
(901, 1, 5, 35, 1),
(902, 2, 5, 35, 1),
(903, 3, 5, 35, 1),
(904, 4, 5, 35, 1),
(905, 1, 5, 36, 1),
(906, 2, 5, 36, 1),
(907, 3, 5, 36, 1),
(908, 4, 5, 36, 1),
(909, 1, 5, 37, 1),
(910, 2, 5, 37, 1),
(911, 3, 5, 37, 1),
(912, 4, 5, 37, 1),
(913, 1, 5, 38, 1),
(914, 2, 5, 38, 1),
(915, 3, 5, 38, 1),
(916, 4, 5, 38, 1),
(917, 1, 5, 39, 1),
(918, 2, 5, 39, 1),
(919, 3, 5, 39, 1),
(920, 4, 5, 39, 1),
(921, 1, 5, 40, 1),
(922, 2, 5, 40, 1),
(923, 3, 5, 40, 1),
(924, 4, 5, 40, 1),
(925, 1, 5, 41, 1),
(926, 2, 5, 41, 1),
(927, 3, 5, 41, 1),
(928, 4, 5, 41, 1),
(929, 1, 5, 42, 1),
(930, 2, 5, 42, 1),
(931, 3, 5, 42, 1),
(932, 4, 5, 42, 1),
(933, 1, 5, 43, 1),
(934, 2, 5, 43, 1),
(935, 3, 5, 43, 1),
(936, 4, 5, 43, 1),
(937, 1, 5, 44, 1),
(938, 2, 5, 44, 1),
(939, 3, 5, 44, 1),
(940, 4, 5, 44, 1),
(941, 1, 5, 45, 1),
(942, 2, 5, 45, 1),
(943, 3, 5, 45, 1),
(944, 4, 5, 45, 1),
(945, 1, 5, 46, 1),
(946, 2, 5, 46, 1),
(947, 3, 5, 46, 1),
(948, 4, 5, 46, 1),
(949, 1, 5, 47, 1),
(950, 2, 5, 47, 1),
(951, 3, 5, 47, 1),
(952, 4, 5, 47, 1),
(953, 1, 5, 48, 1),
(954, 2, 5, 48, 1),
(955, 3, 5, 48, 1),
(956, 4, 5, 48, 1),
(957, 1, 5, 49, 1),
(958, 2, 5, 49, 1),
(959, 3, 5, 49, 1),
(960, 4, 5, 49, 1),
(961, 1, 6, 1, 1),
(962, 2, 6, 1, 1),
(963, 3, 6, 1, 1),
(964, 4, 6, 1, 1),
(965, 1, 6, 2, 1),
(966, 2, 6, 2, 1),
(967, 3, 6, 2, 1),
(968, 4, 6, 2, 1),
(969, 1, 6, 3, 1),
(970, 2, 6, 3, 1),
(971, 3, 6, 3, 1),
(972, 4, 6, 3, 1),
(973, 1, 6, 4, 1),
(974, 2, 6, 4, 1),
(975, 3, 6, 4, 1),
(976, 4, 6, 4, 1),
(977, 1, 6, 5, 1),
(978, 2, 6, 5, 1),
(979, 3, 6, 5, 1),
(980, 4, 6, 5, 1),
(981, 1, 6, 6, 1),
(982, 2, 6, 6, 1),
(983, 3, 6, 6, 1),
(984, 4, 6, 6, 1),
(985, 1, 6, 7, 1),
(986, 2, 6, 7, 1),
(987, 3, 6, 7, 1),
(988, 4, 6, 7, 1),
(989, 1, 6, 8, 1),
(990, 2, 6, 8, 1),
(991, 3, 6, 8, 1),
(992, 4, 6, 8, 1),
(993, 1, 6, 10, 1),
(994, 2, 6, 10, 1),
(995, 3, 6, 10, 1),
(996, 4, 6, 10, 1),
(997, 1, 6, 11, 1),
(998, 2, 6, 11, 1),
(999, 3, 6, 11, 1),
(1000, 4, 6, 11, 1),
(1001, 1, 6, 12, 1),
(1002, 2, 6, 12, 1),
(1003, 3, 6, 12, 1),
(1004, 4, 6, 12, 1),
(1005, 1, 6, 13, 1),
(1006, 2, 6, 13, 1),
(1007, 3, 6, 13, 1),
(1008, 4, 6, 13, 1),
(1009, 1, 6, 14, 1),
(1010, 2, 6, 14, 1),
(1011, 3, 6, 14, 1),
(1012, 4, 6, 14, 1),
(1013, 1, 6, 15, 1),
(1014, 2, 6, 15, 1),
(1015, 3, 6, 15, 1),
(1016, 4, 6, 15, 1),
(1017, 1, 6, 16, 1),
(1018, 2, 6, 16, 1),
(1019, 3, 6, 16, 1),
(1020, 4, 6, 16, 1),
(1021, 1, 6, 17, 1),
(1022, 2, 6, 17, 1),
(1023, 3, 6, 17, 1),
(1024, 4, 6, 17, 1),
(1025, 1, 6, 18, 1),
(1026, 2, 6, 18, 1),
(1027, 3, 6, 18, 1),
(1028, 4, 6, 18, 1),
(1029, 1, 6, 19, 1),
(1030, 2, 6, 19, 1),
(1031, 3, 6, 19, 1),
(1032, 4, 6, 19, 1),
(1033, 1, 6, 20, 1),
(1034, 2, 6, 20, 1),
(1035, 3, 6, 20, 1),
(1036, 4, 6, 20, 1),
(1037, 1, 6, 21, 1),
(1038, 2, 6, 21, 1),
(1039, 3, 6, 21, 1),
(1040, 4, 6, 21, 1),
(1041, 1, 6, 22, 1),
(1042, 2, 6, 22, 1),
(1043, 3, 6, 22, 1),
(1044, 4, 6, 22, 1),
(1045, 1, 6, 23, 1),
(1046, 2, 6, 23, 1),
(1047, 3, 6, 23, 1),
(1048, 4, 6, 23, 1),
(1049, 1, 6, 24, 1),
(1050, 2, 6, 24, 1),
(1051, 3, 6, 24, 1),
(1052, 4, 6, 24, 1),
(1053, 1, 6, 25, 1),
(1054, 2, 6, 25, 1),
(1055, 3, 6, 25, 1),
(1056, 4, 6, 25, 1),
(1057, 1, 6, 26, 1),
(1058, 2, 6, 26, 1),
(1059, 3, 6, 26, 1),
(1060, 4, 6, 26, 1),
(1061, 1, 6, 27, 1),
(1062, 2, 6, 27, 1),
(1063, 3, 6, 27, 1),
(1064, 4, 6, 27, 1),
(1065, 1, 6, 28, 1),
(1066, 2, 6, 28, 1),
(1067, 3, 6, 28, 1),
(1068, 4, 6, 28, 1),
(1069, 1, 6, 29, 1),
(1070, 2, 6, 29, 1),
(1071, 3, 6, 29, 1),
(1072, 4, 6, 29, 1),
(1073, 1, 6, 30, 1),
(1074, 2, 6, 30, 1),
(1075, 3, 6, 30, 1),
(1076, 4, 6, 30, 1),
(1077, 1, 6, 31, 1),
(1078, 2, 6, 31, 1),
(1079, 3, 6, 31, 1),
(1080, 4, 6, 31, 1),
(1081, 1, 6, 32, 1),
(1082, 2, 6, 32, 1),
(1083, 3, 6, 32, 1),
(1084, 4, 6, 32, 1),
(1085, 1, 6, 33, 1),
(1086, 2, 6, 33, 1),
(1087, 3, 6, 33, 1),
(1088, 4, 6, 33, 1),
(1089, 1, 6, 34, 1),
(1090, 2, 6, 34, 1),
(1091, 3, 6, 34, 1),
(1092, 4, 6, 34, 1),
(1093, 1, 6, 35, 1),
(1094, 2, 6, 35, 1),
(1095, 3, 6, 35, 1),
(1096, 4, 6, 35, 1),
(1097, 1, 6, 36, 1),
(1098, 2, 6, 36, 1),
(1099, 3, 6, 36, 1),
(1100, 4, 6, 36, 1),
(1101, 1, 6, 37, 1),
(1102, 2, 6, 37, 1),
(1103, 3, 6, 37, 1),
(1104, 4, 6, 37, 1),
(1105, 1, 6, 38, 1),
(1106, 2, 6, 38, 1),
(1107, 3, 6, 38, 1),
(1108, 4, 6, 38, 1),
(1109, 1, 6, 39, 1),
(1110, 2, 6, 39, 1),
(1111, 3, 6, 39, 1),
(1112, 4, 6, 39, 1),
(1113, 1, 6, 40, 1),
(1114, 2, 6, 40, 1),
(1115, 3, 6, 40, 1),
(1116, 4, 6, 40, 1),
(1117, 1, 6, 41, 1),
(1118, 2, 6, 41, 1),
(1119, 3, 6, 41, 1),
(1120, 4, 6, 41, 1),
(1121, 1, 6, 42, 1),
(1122, 2, 6, 42, 1),
(1123, 3, 6, 42, 1),
(1124, 4, 6, 42, 1),
(1125, 1, 6, 43, 1),
(1126, 2, 6, 43, 1),
(1127, 3, 6, 43, 1),
(1128, 4, 6, 43, 1),
(1129, 1, 6, 44, 1),
(1130, 2, 6, 44, 1),
(1131, 3, 6, 44, 1),
(1132, 4, 6, 44, 1),
(1133, 1, 6, 45, 1),
(1134, 2, 6, 45, 1),
(1135, 3, 6, 45, 1),
(1136, 4, 6, 45, 1),
(1137, 1, 6, 46, 1),
(1138, 2, 6, 46, 1),
(1139, 3, 6, 46, 1),
(1140, 4, 6, 46, 1),
(1141, 1, 6, 47, 1),
(1142, 2, 6, 47, 1),
(1143, 3, 6, 47, 1),
(1144, 4, 6, 47, 1),
(1145, 1, 6, 48, 1),
(1146, 2, 6, 48, 1),
(1147, 3, 6, 48, 1),
(1148, 4, 6, 48, 1),
(1149, 1, 6, 49, 1),
(1150, 2, 6, 49, 1),
(1151, 3, 6, 49, 1),
(1152, 4, 6, 49, 1);

-- --------------------------------------------------------

--
-- Table structure for table `tbl_level`
--

CREATE TABLE IF NOT EXISTS `tbl_level` (
  `level_id` int(11) NOT NULL AUTO_INCREMENT,
  `level_name` varchar(250) NOT NULL,
  PRIMARY KEY (`level_id`)
) ENGINE=InnoDB  DEFAULT CHARSET=latin1 AUTO_INCREMENT=5 ;

--
-- Dumping data for table `tbl_level`
--

INSERT INTO `tbl_level` (`level_id`, `level_name`) VALUES
(1, 'level_1'),
(2, 'level_2'),
(3, 'level_3'),
(4, 'level_4');

-- --------------------------------------------------------

--
-- Table structure for table `tbl_month`
--

CREATE TABLE IF NOT EXISTS `tbl_month` (
  `month_id` int(250) NOT NULL AUTO_INCREMENT,
  `month_name` varchar(250) NOT NULL,
  PRIMARY KEY (`month_id`)
) ENGINE=InnoDB  DEFAULT CHARSET=latin1 AUTO_INCREMENT=13 ;

--
-- Dumping data for table `tbl_month`
--

INSERT INTO `tbl_month` (`month_id`, `month_name`) VALUES
(1, 'January'),
(2, 'February'),
(3, 'March'),
(4, 'April'),
(5, 'May'),
(6, 'June'),
(7, 'July'),
(8, 'August'),
(9, 'September'),
(10, 'October'),
(11, 'November'),
(12, 'December');

-- --------------------------------------------------------

--
-- Table structure for table `tbl_month_quarter`
--

CREATE TABLE IF NOT EXISTS `tbl_month_quarter` (
  `month_quarter_id` int(11) NOT NULL AUTO_INCREMENT,
  `month_quarterd_date_start` date NOT NULL,
  `month_quarterd_date_end` date NOT NULL,
  `month_id` int(11) NOT NULL COMMENT 'FK(unde what moth the quarter is)',
  `sy_id` int(11) NOT NULL COMMENT 'FK(under what year the quarter is)',
  PRIMARY KEY (`month_quarter_id`),
  KEY `FK_tbl_month_quarter_from_tbl_month` (`month_id`),
  KEY `FK_tbl_month_quarter_from_tbl_school_year` (`sy_id`)
) ENGINE=InnoDB  DEFAULT CHARSET=latin1 AUTO_INCREMENT=50 ;

--
-- Dumping data for table `tbl_month_quarter`
--

INSERT INTO `tbl_month_quarter` (`month_quarter_id`, `month_quarterd_date_start`, `month_quarterd_date_end`, `month_id`, `sy_id`) VALUES
(1, '2014-01-06', '2014-01-10', 1, 1),
(2, '2014-01-13', '2014-01-17', 1, 1),
(3, '2014-01-20', '2014-01-27', 1, 1),
(4, '2014-01-27', '2014-01-31', 1, 1),
(5, '2014-02-03', '2014-02-07', 2, 1),
(6, '2014-02-10', '2014-02-14', 2, 1),
(7, '2014-02-17', '2014-02-21', 2, 1),
(8, '2014-02-24', '2014-02-28', 2, 1),
(10, '2014-03-03', '2014-03-07', 3, 1),
(11, '2014-03-10', '2014-03-14', 3, 1),
(12, '2014-03-17', '2014-03-21', 3, 1),
(13, '2014-03-24', '2014-03-28', 3, 1),
(14, '2014-04-01', '2014-04-04', 4, 1),
(15, '2014-04-07', '2014-04-11', 4, 1),
(16, '2014-04-14', '2014-04-18', 4, 1),
(17, '2014-04-21', '2014-04-25', 4, 1),
(18, '2014-05-01', '2014-05-09', 5, 1),
(19, '2014-05-12', '2014-05-16', 5, 1),
(20, '2014-05-19', '2014-05-23', 5, 1),
(21, '2014-05-26', '2014-05-30', 5, 1),
(22, '2014-06-02', '2014-06-06', 6, 1),
(23, '2014-06-09', '2014-06-13', 6, 1),
(24, '2014-06-16', '2014-06-20', 6, 1),
(25, '2014-06-23', '2014-06-27', 6, 1),
(26, '2014-07-01', '2014-07-04', 7, 1),
(27, '2014-07-07', '2014-07-11', 7, 1),
(28, '2014-07-14', '2014-07-18', 7, 1),
(29, '2014-07-21', '2014-07-25', 7, 1),
(30, '2014-08-04', '2014-08-08', 8, 1),
(31, '2014-08-11', '2014-08-15', 8, 1),
(32, '2014-08-18', '2014-08-22', 8, 1),
(33, '2014-08-25', '2014-08-29', 8, 1),
(34, '2014-09-01', '2014-09-05', 9, 1),
(35, '2014-09-08', '2014-09-12', 9, 1),
(36, '2014-09-15', '2014-09-19', 9, 1),
(37, '2014-09-22', '2014-09-26', 9, 1),
(38, '2014-10-01', '2014-10-10', 10, 1),
(39, '2014-10-13', '2014-10-17', 10, 1),
(40, '2014-10-20', '2014-10-24', 10, 1),
(41, '2014-10-27', '2014-10-31', 10, 1),
(42, '2014-11-03', '2014-11-07', 11, 1),
(43, '2014-11-10', '2014-11-14', 11, 1),
(44, '2014-11-17', '2014-11-21', 11, 1),
(45, '2014-11-24', '2014-11-28', 11, 1),
(46, '2014-12-01', '2014-12-05', 12, 1),
(47, '2014-12-08', '2014-12-12', 12, 1),
(48, '2014-12-15', '2014-12-19', 12, 1),
(49, '2014-12-22', '2014-12-26', 12, 1);

-- --------------------------------------------------------

--
-- Table structure for table `tbl_quiz_result_status`
--

CREATE TABLE IF NOT EXISTS `tbl_quiz_result_status` (
  `quiz_result_status_id` int(11) NOT NULL AUTO_INCREMENT,
  `quiz_result_status_name` varchar(250) NOT NULL,
  PRIMARY KEY (`quiz_result_status_id`)
) ENGINE=InnoDB  DEFAULT CHARSET=latin1 AUTO_INCREMENT=3 ;

--
-- Dumping data for table `tbl_quiz_result_status`
--

INSERT INTO `tbl_quiz_result_status` (`quiz_result_status_id`, `quiz_result_status_name`) VALUES
(1, 'Passed'),
(2, 'Failed');

-- --------------------------------------------------------

--
-- Table structure for table `tbl_raw_quiz`
--

CREATE TABLE IF NOT EXISTS `tbl_raw_quiz` (
  `raw_quiz_id` int(11) NOT NULL AUTO_INCREMENT,
  `raw_quiz_title` varchar(250) NOT NULL,
  `raw_quiz_date_uploaded` date NOT NULL,
  `raw_quiz_remarks` varchar(250) NOT NULL,
  `raw_quiz_file_name` varchar(250) NOT NULL,
  `raw_quiz_file_type` varchar(250) NOT NULL,
  `raw_quiz_file_location` varchar(250) NOT NULL,
  `raw_quiz_file_BLOB` blob,
  `subj_co_id` int(11) NOT NULL COMMENT 'FK(teacher who uploaded the file)',
  `lesson_id` int(11) NOT NULL COMMENT 'FK',
  PRIMARY KEY (`raw_quiz_id`),
  KEY `FK_tbl_raw_quiz_from_tbl_subject_coordinator` (`subj_co_id`),
  KEY `FK_tbl_raw_quiz_from_tbl_lesson` (`lesson_id`)
) ENGINE=InnoDB  DEFAULT CHARSET=latin1 AUTO_INCREMENT=2 ;

--
-- Dumping data for table `tbl_raw_quiz`
--

INSERT INTO `tbl_raw_quiz` (`raw_quiz_id`, `raw_quiz_title`, `raw_quiz_date_uploaded`, `raw_quiz_remarks`, `raw_quiz_file_name`, `raw_quiz_file_type`, `raw_quiz_file_location`, `raw_quiz_file_BLOB`, `subj_co_id`, `lesson_id`) VALUES
(1, 'test-raw-qioz-english - Copy.pdf', '2014-09-28', 'tesad a', 'test-raw-qioz-english - Copy.pdf', 'application/pdf', 'upload/raw_quiz/', '', 3, 1);

-- --------------------------------------------------------

--
-- Table structure for table `tbl_ready_quiz`
--

CREATE TABLE IF NOT EXISTS `tbl_ready_quiz` (
  `ready_quiz_id` int(11) NOT NULL AUTO_INCREMENT,
  `ready_quiz_timer` int(11) DEFAULT NULL,
  `ready_quiz_title` varchar(250) NOT NULL,
  `ready_quiz_date_uploaded` date DEFAULT NULL,
  `ready_quiz_remarks` varchar(250) DEFAULT NULL,
  `ready_quiz_file_name` varchar(250) DEFAULT NULL,
  `ready_quiz_file_type` varchar(250) DEFAULT NULL,
  `ready_quiz_location` varchar(250) DEFAULT NULL,
  `ready_quiz_BLOB` blob,
  `ready_quiz_no_of_items` int(11) DEFAULT NULL COMMENT 'total number of questions in the quiz',
  `it_id` int(11) DEFAULT NULL COMMENT 'FK(IT staff who uploaded the file)',
  `raw_quiz_id` int(11) DEFAULT NULL COMMENT 'FK(to know where did the ready_quiz get its questions)',
  `lesson_id` int(11) NOT NULL COMMENT 'FK',
  PRIMARY KEY (`ready_quiz_id`),
  KEY `FK_tbl_ready_quiz_from_tbl_it_staff` (`it_id`),
  KEY `FK_tbl_ready_quiz_from_tbl_lesson` (`lesson_id`),
  KEY `FK_tbl_ready_quiz_from_tbl_raw_quiz` (`raw_quiz_id`)
) ENGINE=InnoDB  DEFAULT CHARSET=latin1 AUTO_INCREMENT=1153 ;

--
-- Dumping data for table `tbl_ready_quiz`
--

INSERT INTO `tbl_ready_quiz` (`ready_quiz_id`, `ready_quiz_timer`, `ready_quiz_title`, `ready_quiz_date_uploaded`, `ready_quiz_remarks`, `ready_quiz_file_name`, `ready_quiz_file_type`, `ready_quiz_location`, `ready_quiz_BLOB`, `ready_quiz_no_of_items`, `it_id`, `raw_quiz_id`, `lesson_id`) VALUES
(1, 15, 'Quiz # 1', '0000-00-00', '', '', '', '', '', 0, 1, 0, 1),
(2, 15, 'Quiz # 2', '0000-00-00', '', '', '', '', '', 0, 1, 0, 2),
(3, 15, 'Quiz # 3', '0000-00-00', '', '', '', '', '', 0, 1, 0, 3),
(4, 15, 'Quiz # 4', '0000-00-00', '', '', '', '', '', 0, 1, 0, 4),
(5, 15, 'Quiz # 5', '0000-00-00', '', '', '', '', '', 0, 1, 0, 5),
(6, 15, 'Quiz # 6', '0000-00-00', '', '', '', '', '', 0, 1, 0, 6),
(7, 15, 'Quiz # 7', '0000-00-00', '', '', '', '', '', 0, 1, 0, 7),
(8, 15, 'Quiz # 8', '0000-00-00', '', '', '', '', '', 0, 1, 0, 8),
(9, 15, 'Quiz # 9', '0000-00-00', '', '', '', '', '', 0, 1, 0, 9),
(10, 15, 'Quiz # 10', '0000-00-00', '', '', '', '', '', 0, 1, 0, 10),
(11, 15, 'Quiz # 11', '0000-00-00', '', '', '', '', '', 0, 1, 0, 11),
(12, 15, 'Quiz # 12', '0000-00-00', '', '', '', '', '', 0, 1, 0, 12),
(13, 15, 'Quiz # 13', '0000-00-00', '', '', '', '', '', 0, 1, 0, 13),
(14, 15, 'Quiz # 14', '0000-00-00', '', '', '', '', '', 0, 1, 0, 14),
(15, 15, 'Quiz # 15', '0000-00-00', '', '', '', '', '', 0, 1, 0, 15),
(16, 15, 'Quiz # 16', '0000-00-00', '', '', '', '', '', 0, 1, 0, 16),
(17, 15, 'Quiz # 17', '0000-00-00', '', '', '', '', '', 0, 1, 0, 17),
(18, 15, 'Quiz # 18', '0000-00-00', '', '', '', '', '', 0, 1, 0, 18),
(19, 15, 'Quiz # 19', '0000-00-00', '', '', '', '', '', 0, 1, 0, 19),
(20, 15, 'Quiz # 20', '0000-00-00', '', '', '', '', '', 0, 1, 0, 20),
(21, 15, 'Quiz # 21', '0000-00-00', '', '', '', '', '', 0, 1, 0, 21),
(22, 15, 'Quiz # 22', '0000-00-00', '', '', '', '', '', 0, 1, 0, 22),
(23, 15, 'Quiz # 23', '0000-00-00', '', '', '', '', '', 0, 1, 0, 23),
(24, 15, 'Quiz # 24', '0000-00-00', '', '', '', '', '', 0, 1, 0, 24),
(25, 15, 'Quiz # 25', '0000-00-00', '', '', '', '', '', 0, 1, 0, 25),
(26, 15, 'Quiz # 26', '0000-00-00', '', '', '', '', '', 0, 1, 0, 26),
(27, 15, 'Quiz # 27', '0000-00-00', '', '', '', '', '', 0, 1, 0, 27),
(28, 15, 'Quiz # 28', '0000-00-00', '', '', '', '', '', 0, 1, 0, 28),
(29, 15, 'Quiz # 29', '0000-00-00', '', '', '', '', '', 0, 1, 0, 29),
(30, 15, 'Quiz # 30', '0000-00-00', '', '', '', '', '', 0, 1, 0, 30),
(31, 15, 'Quiz # 31', '0000-00-00', '', '', '', '', '', 0, 1, 0, 31),
(32, 15, 'Quiz # 32', '0000-00-00', '', '', '', '', '', 0, 1, 0, 32),
(33, 15, 'Quiz # 33', '0000-00-00', '', '', '', '', '', 0, 1, 0, 33),
(34, 15, 'Quiz # 34', '0000-00-00', '', '', '', '', '', 0, 1, 0, 34),
(35, 15, 'Quiz # 35', '0000-00-00', '', '', '', '', '', 0, 1, 0, 35),
(36, 15, 'Quiz # 36', '0000-00-00', '', '', '', '', '', 0, 1, 0, 36),
(37, 15, 'Quiz # 37', '0000-00-00', '', '', '', '', '', 0, 1, 0, 37),
(38, 15, 'Quiz # 38', '0000-00-00', '', '', '', '', '', 0, 1, 0, 38),
(39, 15, 'Quiz # 39', '0000-00-00', '', '', '', '', '', 0, 1, 0, 39),
(40, 15, 'Quiz # 40', '0000-00-00', '', '', '', '', '', 0, 1, 0, 40),
(41, 15, 'Quiz # 41', '0000-00-00', '', '', '', '', '', 0, 1, 0, 41),
(42, 15, 'Quiz # 42', '0000-00-00', '', '', '', '', '', 0, 1, 0, 42),
(43, 15, 'Quiz # 43', '0000-00-00', '', '', '', '', '', 0, 1, 0, 43),
(44, 15, 'Quiz # 44', '0000-00-00', '', '', '', '', '', 0, 1, 0, 44),
(45, 15, 'Quiz # 45', '0000-00-00', '', '', '', '', '', 0, 1, 0, 45),
(46, 15, 'Quiz # 46', '0000-00-00', '', '', '', '', '', 0, 1, 0, 46),
(47, 15, 'Quiz # 47', '0000-00-00', '', '', '', '', '', 0, 1, 0, 47),
(48, 15, 'Quiz # 48', '0000-00-00', '', '', '', '', '', 0, 1, 0, 48),
(49, 15, 'Quiz # 49', '0000-00-00', '', '', '', '', '', 0, 1, 0, 49),
(50, 15, 'Quiz # 50', '0000-00-00', '', '', '', '', '', 0, 1, 0, 50),
(51, 15, 'Quiz # 51', '0000-00-00', '', '', '', '', '', 0, 1, 0, 51),
(52, 15, 'Quiz # 52', '0000-00-00', '', '', '', '', '', 0, 1, 0, 52),
(53, 15, 'Quiz # 53', '0000-00-00', '', '', '', '', '', 0, 1, 0, 53),
(54, 15, 'Quiz # 54', '0000-00-00', '', '', '', '', '', 0, 1, 0, 54),
(55, 15, 'Quiz # 55', '0000-00-00', '', '', '', '', '', 0, 1, 0, 55),
(56, 15, 'Quiz # 56', '0000-00-00', '', '', '', '', '', 0, 1, 0, 56),
(57, 15, 'Quiz # 57', '0000-00-00', '', '', '', '', '', 0, 1, 0, 57),
(58, 15, 'Quiz # 58', '0000-00-00', '', '', '', '', '', 0, 1, 0, 58),
(59, 15, 'Quiz # 59', '0000-00-00', '', '', '', '', '', 0, 1, 0, 59),
(60, 15, 'Quiz # 60', '0000-00-00', '', '', '', '', '', 0, 1, 0, 60),
(61, 15, 'Quiz # 61', '0000-00-00', '', '', '', '', '', 0, 1, 0, 61),
(62, 15, 'Quiz # 62', '0000-00-00', '', '', '', '', '', 0, 1, 0, 62),
(63, 15, 'Quiz # 63', '0000-00-00', '', '', '', '', '', 0, 1, 0, 63),
(64, 15, 'Quiz # 64', '0000-00-00', '', '', '', '', '', 0, 1, 0, 64),
(65, 15, 'Quiz # 65', '0000-00-00', '', '', '', '', '', 0, 1, 0, 65),
(66, 15, 'Quiz # 66', '0000-00-00', '', '', '', '', '', 0, 1, 0, 66),
(67, 15, 'Quiz # 67', '0000-00-00', '', '', '', '', '', 0, 1, 0, 67),
(68, 15, 'Quiz # 68', '0000-00-00', '', '', '', '', '', 0, 1, 0, 68),
(69, 15, 'Quiz # 69', '0000-00-00', '', '', '', '', '', 0, 1, 0, 69),
(70, 15, 'Quiz # 70', '0000-00-00', '', '', '', '', '', 0, 1, 0, 70),
(71, 15, 'Quiz # 71', '0000-00-00', '', '', '', '', '', 0, 1, 0, 71),
(72, 15, 'Quiz # 72', '0000-00-00', '', '', '', '', '', 0, 1, 0, 72),
(73, 15, 'Quiz # 73', '0000-00-00', '', '', '', '', '', 0, 1, 0, 73),
(74, 15, 'Quiz # 74', '0000-00-00', '', '', '', '', '', 0, 1, 0, 74),
(75, 15, 'Quiz # 75', '0000-00-00', '', '', '', '', '', 0, 1, 0, 75),
(76, 15, 'Quiz # 76', '0000-00-00', '', '', '', '', '', 0, 1, 0, 76),
(77, 15, 'Quiz # 77', '0000-00-00', '', '', '', '', '', 0, 1, 0, 77),
(78, 15, 'Quiz # 78', '0000-00-00', '', '', '', '', '', 0, 1, 0, 78),
(79, 15, 'Quiz # 79', '0000-00-00', '', '', '', '', '', 0, 1, 0, 79),
(80, 15, 'Quiz # 80', '0000-00-00', '', '', '', '', '', 0, 1, 0, 80),
(81, 15, 'Quiz # 81', '0000-00-00', '', '', '', '', '', 0, 1, 0, 81),
(82, 15, 'Quiz # 82', '0000-00-00', '', '', '', '', '', 0, 1, 0, 82),
(83, 15, 'Quiz # 83', '0000-00-00', '', '', '', '', '', 0, 1, 0, 83),
(84, 15, 'Quiz # 84', '0000-00-00', '', '', '', '', '', 0, 1, 0, 84),
(85, 15, 'Quiz # 85', '0000-00-00', '', '', '', '', '', 0, 1, 0, 85),
(86, 15, 'Quiz # 86', '0000-00-00', '', '', '', '', '', 0, 1, 0, 86),
(87, 15, 'Quiz # 87', '0000-00-00', '', '', '', '', '', 0, 1, 0, 87),
(88, 15, 'Quiz # 88', '0000-00-00', '', '', '', '', '', 0, 1, 0, 88),
(89, 15, 'Quiz # 89', '0000-00-00', '', '', '', '', '', 0, 1, 0, 89),
(90, 15, 'Quiz # 90', '0000-00-00', '', '', '', '', '', 0, 1, 0, 90),
(91, 15, 'Quiz # 91', '0000-00-00', '', '', '', '', '', 0, 1, 0, 91),
(92, 15, 'Quiz # 92', '0000-00-00', '', '', '', '', '', 0, 1, 0, 92),
(93, 15, 'Quiz # 93', '0000-00-00', '', '', '', '', '', 0, 1, 0, 93),
(94, 15, 'Quiz # 94', '0000-00-00', '', '', '', '', '', 0, 1, 0, 94),
(95, 15, 'Quiz # 95', '0000-00-00', '', '', '', '', '', 0, 1, 0, 95),
(96, 15, 'Quiz # 96', '0000-00-00', '', '', '', '', '', 0, 1, 0, 96),
(97, 15, 'Quiz # 97', '0000-00-00', '', '', '', '', '', 0, 1, 0, 97),
(98, 15, 'Quiz # 98', '0000-00-00', '', '', '', '', '', 0, 1, 0, 98),
(99, 15, 'Quiz # 99', '0000-00-00', '', '', '', '', '', 0, 1, 0, 99),
(100, 15, 'Quiz # 100', '0000-00-00', '', '', '', '', '', 0, 1, 0, 100),
(101, 15, 'Quiz # 101', '0000-00-00', '', '', '', '', '', 0, 1, 0, 101),
(102, 15, 'Quiz # 102', '0000-00-00', '', '', '', '', '', 0, 1, 0, 102),
(103, 15, 'Quiz # 103', '0000-00-00', '', '', '', '', '', 0, 1, 0, 103),
(104, 15, 'Quiz # 104', '0000-00-00', '', '', '', '', '', 0, 1, 0, 104),
(105, 15, 'Quiz # 105', '0000-00-00', '', '', '', '', '', 0, 1, 0, 105),
(106, 15, 'Quiz # 106', '0000-00-00', '', '', '', '', '', 0, 1, 0, 106),
(107, 15, 'Quiz # 107', '0000-00-00', '', '', '', '', '', 0, 1, 0, 107),
(108, 15, 'Quiz # 108', '0000-00-00', '', '', '', '', '', 0, 1, 0, 108),
(109, 15, 'Quiz # 109', '0000-00-00', '', '', '', '', '', 0, 1, 0, 109),
(110, 15, 'Quiz # 110', '0000-00-00', '', '', '', '', '', 0, 1, 0, 110),
(111, 15, 'Quiz # 111', '0000-00-00', '', '', '', '', '', 0, 1, 0, 111),
(112, 15, 'Quiz # 112', '0000-00-00', '', '', '', '', '', 0, 1, 0, 112),
(113, 15, 'Quiz # 113', '0000-00-00', '', '', '', '', '', 0, 1, 0, 113),
(114, 15, 'Quiz # 114', '0000-00-00', '', '', '', '', '', 0, 1, 0, 114),
(115, 15, 'Quiz # 115', '0000-00-00', '', '', '', '', '', 0, 1, 0, 115),
(116, 15, 'Quiz # 116', '0000-00-00', '', '', '', '', '', 0, 1, 0, 116),
(117, 15, 'Quiz # 117', '0000-00-00', '', '', '', '', '', 0, 1, 0, 117),
(118, 15, 'Quiz # 118', '0000-00-00', '', '', '', '', '', 0, 1, 0, 118),
(119, 15, 'Quiz # 119', '0000-00-00', '', '', '', '', '', 0, 1, 0, 119),
(120, 15, 'Quiz # 120', '0000-00-00', '', '', '', '', '', 0, 1, 0, 120),
(121, 15, 'Quiz # 121', '0000-00-00', '', '', '', '', '', 0, 1, 0, 121),
(122, 15, 'Quiz # 122', '0000-00-00', '', '', '', '', '', 0, 1, 0, 122),
(123, 15, 'Quiz # 123', '0000-00-00', '', '', '', '', '', 0, 1, 0, 123),
(124, 15, 'Quiz # 124', '0000-00-00', '', '', '', '', '', 0, 1, 0, 124),
(125, 15, 'Quiz # 125', '0000-00-00', '', '', '', '', '', 0, 1, 0, 125),
(126, 15, 'Quiz # 126', '0000-00-00', '', '', '', '', '', 0, 1, 0, 126),
(127, 15, 'Quiz # 127', '0000-00-00', '', '', '', '', '', 0, 1, 0, 127),
(128, 15, 'Quiz # 128', '0000-00-00', '', '', '', '', '', 0, 1, 0, 128),
(129, 15, 'Quiz # 129', '0000-00-00', '', '', '', '', '', 0, 1, 0, 129),
(130, 15, 'Quiz # 130', '0000-00-00', '', '', '', '', '', 0, 1, 0, 130),
(131, 15, 'Quiz # 131', '0000-00-00', '', '', '', '', '', 0, 1, 0, 131),
(132, 15, 'Quiz # 132', '0000-00-00', '', '', '', '', '', 0, 1, 0, 132),
(133, 15, 'Quiz # 133', '0000-00-00', '', '', '', '', '', 0, 1, 0, 133),
(134, 15, 'Quiz # 134', '0000-00-00', '', '', '', '', '', 0, 1, 0, 134),
(135, 15, 'Quiz # 135', '0000-00-00', '', '', '', '', '', 0, 1, 0, 135),
(136, 15, 'Quiz # 136', '0000-00-00', '', '', '', '', '', 0, 1, 0, 136),
(137, 15, 'Quiz # 137', '0000-00-00', '', '', '', '', '', 0, 1, 0, 137),
(138, 15, 'Quiz # 138', '0000-00-00', '', '', '', '', '', 0, 1, 0, 138),
(139, 15, 'Quiz # 139', '0000-00-00', '', '', '', '', '', 0, 1, 0, 139),
(140, 15, 'Quiz # 140', '0000-00-00', '', '', '', '', '', 0, 1, 0, 140),
(141, 15, 'Quiz # 141', '0000-00-00', '', '', '', '', '', 0, 1, 0, 141),
(142, 15, 'Quiz # 142', '0000-00-00', '', '', '', '', '', 0, 1, 0, 142),
(143, 15, 'Quiz # 143', '0000-00-00', '', '', '', '', '', 0, 1, 0, 143),
(144, 15, 'Quiz # 144', '0000-00-00', '', '', '', '', '', 0, 1, 0, 144),
(145, 15, 'Quiz # 145', '0000-00-00', '', '', '', '', '', 0, 1, 0, 145),
(146, 15, 'Quiz # 146', '0000-00-00', '', '', '', '', '', 0, 1, 0, 146),
(147, 15, 'Quiz # 147', '0000-00-00', '', '', '', '', '', 0, 1, 0, 147),
(148, 15, 'Quiz # 148', '0000-00-00', '', '', '', '', '', 0, 1, 0, 148),
(149, 15, 'Quiz # 149', '0000-00-00', '', '', '', '', '', 0, 1, 0, 149),
(150, 15, 'Quiz # 150', '0000-00-00', '', '', '', '', '', 0, 1, 0, 150),
(151, 15, 'Quiz # 151', '0000-00-00', '', '', '', '', '', 0, 1, 0, 151),
(152, 15, 'Quiz # 152', '0000-00-00', '', '', '', '', '', 0, 1, 0, 152),
(153, 15, 'Quiz # 153', '0000-00-00', '', '', '', '', '', 0, 1, 0, 153),
(154, 15, 'Quiz # 154', '0000-00-00', '', '', '', '', '', 0, 1, 0, 154),
(155, 15, 'Quiz # 155', '0000-00-00', '', '', '', '', '', 0, 1, 0, 155),
(156, 15, 'Quiz # 156', '0000-00-00', '', '', '', '', '', 0, 1, 0, 156),
(157, 15, 'Quiz # 157', '0000-00-00', '', '', '', '', '', 0, 1, 0, 157),
(158, 15, 'Quiz # 158', '0000-00-00', '', '', '', '', '', 0, 1, 0, 158),
(159, 15, 'Quiz # 159', '0000-00-00', '', '', '', '', '', 0, 1, 0, 159),
(160, 15, 'Quiz # 160', '0000-00-00', '', '', '', '', '', 0, 1, 0, 160),
(161, 15, 'Quiz # 161', '0000-00-00', '', '', '', '', '', 0, 1, 0, 161),
(162, 15, 'Quiz # 162', '0000-00-00', '', '', '', '', '', 0, 1, 0, 162),
(163, 15, 'Quiz # 163', '0000-00-00', '', '', '', '', '', 0, 1, 0, 163),
(164, 15, 'Quiz # 164', '0000-00-00', '', '', '', '', '', 0, 1, 0, 164),
(165, 15, 'Quiz # 165', '0000-00-00', '', '', '', '', '', 0, 1, 0, 165),
(166, 15, 'Quiz # 166', '0000-00-00', '', '', '', '', '', 0, 1, 0, 166),
(167, 15, 'Quiz # 167', '0000-00-00', '', '', '', '', '', 0, 1, 0, 167),
(168, 15, 'Quiz # 168', '0000-00-00', '', '', '', '', '', 0, 1, 0, 168),
(169, 15, 'Quiz # 169', '0000-00-00', '', '', '', '', '', 0, 1, 0, 169),
(170, 15, 'Quiz # 170', '0000-00-00', '', '', '', '', '', 0, 1, 0, 170),
(171, 15, 'Quiz # 171', '0000-00-00', '', '', '', '', '', 0, 1, 0, 171),
(172, 15, 'Quiz # 172', '0000-00-00', '', '', '', '', '', 0, 1, 0, 172),
(173, 15, 'Quiz # 173', '0000-00-00', '', '', '', '', '', 0, 1, 0, 173),
(174, 15, 'Quiz # 174', '0000-00-00', '', '', '', '', '', 0, 1, 0, 174),
(175, 15, 'Quiz # 175', '0000-00-00', '', '', '', '', '', 0, 1, 0, 175),
(176, 15, 'Quiz # 176', '0000-00-00', '', '', '', '', '', 0, 1, 0, 176),
(177, 15, 'Quiz # 177', '0000-00-00', '', '', '', '', '', 0, 1, 0, 177),
(178, 15, 'Quiz # 178', '0000-00-00', '', '', '', '', '', 0, 1, 0, 178),
(179, 15, 'Quiz # 179', '0000-00-00', '', '', '', '', '', 0, 1, 0, 179),
(180, 15, 'Quiz # 180', '0000-00-00', '', '', '', '', '', 0, 1, 0, 180),
(181, 15, 'Quiz # 181', '0000-00-00', '', '', '', '', '', 0, 1, 0, 181),
(182, 15, 'Quiz # 182', '0000-00-00', '', '', '', '', '', 0, 1, 0, 182),
(183, 15, 'Quiz # 183', '0000-00-00', '', '', '', '', '', 0, 1, 0, 183),
(184, 15, 'Quiz # 184', '0000-00-00', '', '', '', '', '', 0, 1, 0, 184),
(185, 15, 'Quiz # 185', '0000-00-00', '', '', '', '', '', 0, 1, 0, 185),
(186, 15, 'Quiz # 186', '0000-00-00', '', '', '', '', '', 0, 1, 0, 186),
(187, 15, 'Quiz # 187', '0000-00-00', '', '', '', '', '', 0, 1, 0, 187),
(188, 15, 'Quiz # 188', '0000-00-00', '', '', '', '', '', 0, 1, 0, 188),
(189, 15, 'Quiz # 189', '0000-00-00', '', '', '', '', '', 0, 1, 0, 189),
(190, 15, 'Quiz # 190', '0000-00-00', '', '', '', '', '', 0, 1, 0, 190),
(191, 15, 'Quiz # 191', '0000-00-00', '', '', '', '', '', 0, 1, 0, 191),
(192, 15, 'Quiz # 192', '0000-00-00', '', '', '', '', '', 0, 1, 0, 192),
(193, 15, 'Quiz # 193', '0000-00-00', '', '', '', '', '', 0, 1, 0, 193),
(194, 15, 'Quiz # 194', '0000-00-00', '', '', '', '', '', 0, 1, 0, 194),
(195, 15, 'Quiz # 195', '0000-00-00', '', '', '', '', '', 0, 1, 0, 195),
(196, 15, 'Quiz # 196', '0000-00-00', '', '', '', '', '', 0, 1, 0, 196),
(197, 15, 'Quiz # 197', '0000-00-00', '', '', '', '', '', 0, 1, 0, 197),
(198, 15, 'Quiz # 198', '0000-00-00', '', '', '', '', '', 0, 1, 0, 198),
(199, 15, 'Quiz # 199', '0000-00-00', '', '', '', '', '', 0, 1, 0, 199),
(200, 15, 'Quiz # 200', '0000-00-00', '', '', '', '', '', 0, 1, 0, 200),
(201, 15, 'Quiz # 201', '0000-00-00', '', '', '', '', '', 0, 1, 0, 201),
(202, 15, 'Quiz # 202', '0000-00-00', '', '', '', '', '', 0, 1, 0, 202),
(203, 15, 'Quiz # 203', '0000-00-00', '', '', '', '', '', 0, 1, 0, 203),
(204, 15, 'Quiz # 204', '0000-00-00', '', '', '', '', '', 0, 1, 0, 204),
(205, 15, 'Quiz # 205', '0000-00-00', '', '', '', '', '', 0, 1, 0, 205),
(206, 15, 'Quiz # 206', '0000-00-00', '', '', '', '', '', 0, 1, 0, 206),
(207, 15, 'Quiz # 207', '0000-00-00', '', '', '', '', '', 0, 1, 0, 207),
(208, 15, 'Quiz # 208', '0000-00-00', '', '', '', '', '', 0, 1, 0, 208),
(209, 15, 'Quiz # 209', '0000-00-00', '', '', '', '', '', 0, 1, 0, 209),
(210, 15, 'Quiz # 210', '0000-00-00', '', '', '', '', '', 0, 1, 0, 210),
(211, 15, 'Quiz # 211', '0000-00-00', '', '', '', '', '', 0, 1, 0, 211),
(212, 15, 'Quiz # 212', '0000-00-00', '', '', '', '', '', 0, 1, 0, 212),
(213, 15, 'Quiz # 213', '0000-00-00', '', '', '', '', '', 0, 1, 0, 213),
(214, 15, 'Quiz # 214', '0000-00-00', '', '', '', '', '', 0, 1, 0, 214),
(215, 15, 'Quiz # 215', '0000-00-00', '', '', '', '', '', 0, 1, 0, 215),
(216, 15, 'Quiz # 216', '0000-00-00', '', '', '', '', '', 0, 1, 0, 216),
(217, 15, 'Quiz # 217', '0000-00-00', '', '', '', '', '', 0, 1, 0, 217),
(218, 15, 'Quiz # 218', '0000-00-00', '', '', '', '', '', 0, 1, 0, 218),
(219, 15, 'Quiz # 219', '0000-00-00', '', '', '', '', '', 0, 1, 0, 219),
(220, 15, 'Quiz # 220', '0000-00-00', '', '', '', '', '', 0, 1, 0, 220),
(221, 15, 'Quiz # 221', '0000-00-00', '', '', '', '', '', 0, 1, 0, 221),
(222, 15, 'Quiz # 222', '0000-00-00', '', '', '', '', '', 0, 1, 0, 222),
(223, 15, 'Quiz # 223', '0000-00-00', '', '', '', '', '', 0, 1, 0, 223),
(224, 15, 'Quiz # 224', '0000-00-00', '', '', '', '', '', 0, 1, 0, 224),
(225, 15, 'Quiz # 225', '0000-00-00', '', '', '', '', '', 0, 1, 0, 225),
(226, 15, 'Quiz # 226', '0000-00-00', '', '', '', '', '', 0, 1, 0, 226),
(227, 15, 'Quiz # 227', '0000-00-00', '', '', '', '', '', 0, 1, 0, 227),
(228, 15, 'Quiz # 228', '0000-00-00', '', '', '', '', '', 0, 1, 0, 228),
(229, 15, 'Quiz # 229', '0000-00-00', '', '', '', '', '', 0, 1, 0, 229),
(230, 15, 'Quiz # 230', '0000-00-00', '', '', '', '', '', 0, 1, 0, 230),
(231, 15, 'Quiz # 231', '0000-00-00', '', '', '', '', '', 0, 1, 0, 231),
(232, 15, 'Quiz # 232', '0000-00-00', '', '', '', '', '', 0, 1, 0, 232),
(233, 15, 'Quiz # 233', '0000-00-00', '', '', '', '', '', 0, 1, 0, 233),
(234, 15, 'Quiz # 234', '0000-00-00', '', '', '', '', '', 0, 1, 0, 234),
(235, 15, 'Quiz # 235', '0000-00-00', '', '', '', '', '', 0, 1, 0, 235),
(236, 15, 'Quiz # 236', '0000-00-00', '', '', '', '', '', 0, 1, 0, 236),
(237, 15, 'Quiz # 237', '0000-00-00', '', '', '', '', '', 0, 1, 0, 237),
(238, 15, 'Quiz # 238', '0000-00-00', '', '', '', '', '', 0, 1, 0, 238),
(239, 15, 'Quiz # 239', '0000-00-00', '', '', '', '', '', 0, 1, 0, 239),
(240, 15, 'Quiz # 240', '0000-00-00', '', '', '', '', '', 0, 1, 0, 240),
(241, 15, 'Quiz # 241', '0000-00-00', '', '', '', '', '', 0, 1, 0, 241),
(242, 15, 'Quiz # 242', '0000-00-00', '', '', '', '', '', 0, 1, 0, 242),
(243, 15, 'Quiz # 243', '0000-00-00', '', '', '', '', '', 0, 1, 0, 243),
(244, 15, 'Quiz # 244', '0000-00-00', '', '', '', '', '', 0, 1, 0, 244),
(245, 15, 'Quiz # 245', '0000-00-00', '', '', '', '', '', 0, 1, 0, 245),
(246, 15, 'Quiz # 246', '0000-00-00', '', '', '', '', '', 0, 1, 0, 246),
(247, 15, 'Quiz # 247', '0000-00-00', '', '', '', '', '', 0, 1, 0, 247),
(248, 15, 'Quiz # 248', '0000-00-00', '', '', '', '', '', 0, 1, 0, 248),
(249, 15, 'Quiz # 249', '0000-00-00', '', '', '', '', '', 0, 1, 0, 249),
(250, 15, 'Quiz # 250', '0000-00-00', '', '', '', '', '', 0, 1, 0, 250),
(251, 15, 'Quiz # 251', '0000-00-00', '', '', '', '', '', 0, 1, 0, 251),
(252, 15, 'Quiz # 252', '0000-00-00', '', '', '', '', '', 0, 1, 0, 252),
(253, 15, 'Quiz # 253', '0000-00-00', '', '', '', '', '', 0, 1, 0, 253),
(254, 15, 'Quiz # 254', '0000-00-00', '', '', '', '', '', 0, 1, 0, 254),
(255, 15, 'Quiz # 255', '0000-00-00', '', '', '', '', '', 0, 1, 0, 255),
(256, 15, 'Quiz # 256', '0000-00-00', '', '', '', '', '', 0, 1, 0, 256),
(257, 15, 'Quiz # 257', '0000-00-00', '', '', '', '', '', 0, 1, 0, 257),
(258, 15, 'Quiz # 258', '0000-00-00', '', '', '', '', '', 0, 1, 0, 258),
(259, 15, 'Quiz # 259', '0000-00-00', '', '', '', '', '', 0, 1, 0, 259),
(260, 15, 'Quiz # 260', '0000-00-00', '', '', '', '', '', 0, 1, 0, 260),
(261, 15, 'Quiz # 261', '0000-00-00', '', '', '', '', '', 0, 1, 0, 261),
(262, 15, 'Quiz # 262', '0000-00-00', '', '', '', '', '', 0, 1, 0, 262),
(263, 15, 'Quiz # 263', '0000-00-00', '', '', '', '', '', 0, 1, 0, 263),
(264, 15, 'Quiz # 264', '0000-00-00', '', '', '', '', '', 0, 1, 0, 264),
(265, 15, 'Quiz # 265', '0000-00-00', '', '', '', '', '', 0, 1, 0, 265),
(266, 15, 'Quiz # 266', '0000-00-00', '', '', '', '', '', 0, 1, 0, 266),
(267, 15, 'Quiz # 267', '0000-00-00', '', '', '', '', '', 0, 1, 0, 267),
(268, 15, 'Quiz # 268', '0000-00-00', '', '', '', '', '', 0, 1, 0, 268),
(269, 15, 'Quiz # 269', '0000-00-00', '', '', '', '', '', 0, 1, 0, 269),
(270, 15, 'Quiz # 270', '0000-00-00', '', '', '', '', '', 0, 1, 0, 270),
(271, 15, 'Quiz # 271', '0000-00-00', '', '', '', '', '', 0, 1, 0, 271),
(272, 15, 'Quiz # 272', '0000-00-00', '', '', '', '', '', 0, 1, 0, 272),
(273, 15, 'Quiz # 273', '0000-00-00', '', '', '', '', '', 0, 1, 0, 273),
(274, 15, 'Quiz # 274', '0000-00-00', '', '', '', '', '', 0, 1, 0, 274),
(275, 15, 'Quiz # 275', '0000-00-00', '', '', '', '', '', 0, 1, 0, 275),
(276, 15, 'Quiz # 276', '0000-00-00', '', '', '', '', '', 0, 1, 0, 276),
(277, 15, 'Quiz # 277', '0000-00-00', '', '', '', '', '', 0, 1, 0, 277),
(278, 15, 'Quiz # 278', '0000-00-00', '', '', '', '', '', 0, 1, 0, 278),
(279, 15, 'Quiz # 279', '0000-00-00', '', '', '', '', '', 0, 1, 0, 279),
(280, 15, 'Quiz # 280', '0000-00-00', '', '', '', '', '', 0, 1, 0, 280),
(281, 15, 'Quiz # 281', '0000-00-00', '', '', '', '', '', 0, 1, 0, 281),
(282, 15, 'Quiz # 282', '0000-00-00', '', '', '', '', '', 0, 1, 0, 282),
(283, 15, 'Quiz # 283', '0000-00-00', '', '', '', '', '', 0, 1, 0, 283),
(284, 15, 'Quiz # 284', '0000-00-00', '', '', '', '', '', 0, 1, 0, 284),
(285, 15, 'Quiz # 285', '0000-00-00', '', '', '', '', '', 0, 1, 0, 285),
(286, 15, 'Quiz # 286', '0000-00-00', '', '', '', '', '', 0, 1, 0, 286),
(287, 15, 'Quiz # 287', '0000-00-00', '', '', '', '', '', 0, 1, 0, 287),
(288, 15, 'Quiz # 288', '0000-00-00', '', '', '', '', '', 0, 1, 0, 288),
(289, 15, 'Quiz # 289', '0000-00-00', '', '', '', '', '', 0, 1, 0, 289),
(290, 15, 'Quiz # 290', '0000-00-00', '', '', '', '', '', 0, 1, 0, 290),
(291, 15, 'Quiz # 291', '0000-00-00', '', '', '', '', '', 0, 1, 0, 291),
(292, 15, 'Quiz # 292', '0000-00-00', '', '', '', '', '', 0, 1, 0, 292),
(293, 15, 'Quiz # 293', '0000-00-00', '', '', '', '', '', 0, 1, 0, 293),
(294, 15, 'Quiz # 294', '0000-00-00', '', '', '', '', '', 0, 1, 0, 294),
(295, 15, 'Quiz # 295', '0000-00-00', '', '', '', '', '', 0, 1, 0, 295),
(296, 15, 'Quiz # 296', '0000-00-00', '', '', '', '', '', 0, 1, 0, 296),
(297, 15, 'Quiz # 297', '0000-00-00', '', '', '', '', '', 0, 1, 0, 297),
(298, 15, 'Quiz # 298', '0000-00-00', '', '', '', '', '', 0, 1, 0, 298),
(299, 15, 'Quiz # 299', '0000-00-00', '', '', '', '', '', 0, 1, 0, 299),
(300, 15, 'Quiz # 300', '0000-00-00', '', '', '', '', '', 0, 1, 0, 300),
(301, 15, 'Quiz # 301', '0000-00-00', '', '', '', '', '', 0, 1, 0, 301),
(302, 15, 'Quiz # 302', '0000-00-00', '', '', '', '', '', 0, 1, 0, 302),
(303, 15, 'Quiz # 303', '0000-00-00', '', '', '', '', '', 0, 1, 0, 303),
(304, 15, 'Quiz # 304', '0000-00-00', '', '', '', '', '', 0, 1, 0, 304),
(305, 15, 'Quiz # 305', '0000-00-00', '', '', '', '', '', 0, 1, 0, 305),
(306, 15, 'Quiz # 306', '0000-00-00', '', '', '', '', '', 0, 1, 0, 306),
(307, 15, 'Quiz # 307', '0000-00-00', '', '', '', '', '', 0, 1, 0, 307),
(308, 15, 'Quiz # 308', '0000-00-00', '', '', '', '', '', 0, 1, 0, 308),
(309, 15, 'Quiz # 309', '0000-00-00', '', '', '', '', '', 0, 1, 0, 309),
(310, 15, 'Quiz # 310', '0000-00-00', '', '', '', '', '', 0, 1, 0, 310),
(311, 15, 'Quiz # 311', '0000-00-00', '', '', '', '', '', 0, 1, 0, 311),
(312, 15, 'Quiz # 312', '0000-00-00', '', '', '', '', '', 0, 1, 0, 312),
(313, 15, 'Quiz # 313', '0000-00-00', '', '', '', '', '', 0, 1, 0, 313),
(314, 15, 'Quiz # 314', '0000-00-00', '', '', '', '', '', 0, 1, 0, 314),
(315, 15, 'Quiz # 315', '0000-00-00', '', '', '', '', '', 0, 1, 0, 315),
(316, 15, 'Quiz # 316', '0000-00-00', '', '', '', '', '', 0, 1, 0, 316),
(317, 15, 'Quiz # 317', '0000-00-00', '', '', '', '', '', 0, 1, 0, 317),
(318, 15, 'Quiz # 318', '0000-00-00', '', '', '', '', '', 0, 1, 0, 318),
(319, 15, 'Quiz # 319', '0000-00-00', '', '', '', '', '', 0, 1, 0, 319),
(320, 15, 'Quiz # 320', '0000-00-00', '', '', '', '', '', 0, 1, 0, 320),
(321, 15, 'Quiz # 321', '0000-00-00', '', '', '', '', '', 0, 1, 0, 321),
(322, 15, 'Quiz # 322', '0000-00-00', '', '', '', '', '', 0, 1, 0, 322),
(323, 15, 'Quiz # 323', '0000-00-00', '', '', '', '', '', 0, 1, 0, 323),
(324, 15, 'Quiz # 324', '0000-00-00', '', '', '', '', '', 0, 1, 0, 324),
(325, 15, 'Quiz # 325', '0000-00-00', '', '', '', '', '', 0, 1, 0, 325),
(326, 15, 'Quiz # 326', '0000-00-00', '', '', '', '', '', 0, 1, 0, 326),
(327, 15, 'Quiz # 327', '0000-00-00', '', '', '', '', '', 0, 1, 0, 327),
(328, 15, 'Quiz # 328', '0000-00-00', '', '', '', '', '', 0, 1, 0, 328),
(329, 15, 'Quiz # 329', '0000-00-00', '', '', '', '', '', 0, 1, 0, 329),
(330, 15, 'Quiz # 330', '0000-00-00', '', '', '', '', '', 0, 1, 0, 330),
(331, 15, 'Quiz # 331', '0000-00-00', '', '', '', '', '', 0, 1, 0, 331),
(332, 15, 'Quiz # 332', '0000-00-00', '', '', '', '', '', 0, 1, 0, 332),
(333, 15, 'Quiz # 333', '0000-00-00', '', '', '', '', '', 0, 1, 0, 333),
(334, 15, 'Quiz # 334', '0000-00-00', '', '', '', '', '', 0, 1, 0, 334),
(335, 15, 'Quiz # 335', '0000-00-00', '', '', '', '', '', 0, 1, 0, 335),
(336, 15, 'Quiz # 336', '0000-00-00', '', '', '', '', '', 0, 1, 0, 336),
(337, 15, 'Quiz # 337', '0000-00-00', '', '', '', '', '', 0, 1, 0, 337),
(338, 15, 'Quiz # 338', '0000-00-00', '', '', '', '', '', 0, 1, 0, 338),
(339, 15, 'Quiz # 339', '0000-00-00', '', '', '', '', '', 0, 1, 0, 339),
(340, 15, 'Quiz # 340', '0000-00-00', '', '', '', '', '', 0, 1, 0, 340),
(341, 15, 'Quiz # 341', '0000-00-00', '', '', '', '', '', 0, 1, 0, 341),
(342, 15, 'Quiz # 342', '0000-00-00', '', '', '', '', '', 0, 1, 0, 342),
(343, 15, 'Quiz # 343', '0000-00-00', '', '', '', '', '', 0, 1, 0, 343),
(344, 15, 'Quiz # 344', '0000-00-00', '', '', '', '', '', 0, 1, 0, 344),
(345, 15, 'Quiz # 345', '0000-00-00', '', '', '', '', '', 0, 1, 0, 345),
(346, 15, 'Quiz # 346', '0000-00-00', '', '', '', '', '', 0, 1, 0, 346),
(347, 15, 'Quiz # 347', '0000-00-00', '', '', '', '', '', 0, 1, 0, 347),
(348, 15, 'Quiz # 348', '0000-00-00', '', '', '', '', '', 0, 1, 0, 348),
(349, 15, 'Quiz # 349', '0000-00-00', '', '', '', '', '', 0, 1, 0, 349),
(350, 15, 'Quiz # 350', '0000-00-00', '', '', '', '', '', 0, 1, 0, 350),
(351, 15, 'Quiz # 351', '0000-00-00', '', '', '', '', '', 0, 1, 0, 351),
(352, 15, 'Quiz # 352', '0000-00-00', '', '', '', '', '', 0, 1, 0, 352),
(353, 15, 'Quiz # 353', '0000-00-00', '', '', '', '', '', 0, 1, 0, 353),
(354, 15, 'Quiz # 354', '0000-00-00', '', '', '', '', '', 0, 1, 0, 354),
(355, 15, 'Quiz # 355', '0000-00-00', '', '', '', '', '', 0, 1, 0, 355),
(356, 15, 'Quiz # 356', '0000-00-00', '', '', '', '', '', 0, 1, 0, 356),
(357, 15, 'Quiz # 357', '0000-00-00', '', '', '', '', '', 0, 1, 0, 357),
(358, 15, 'Quiz # 358', '0000-00-00', '', '', '', '', '', 0, 1, 0, 358),
(359, 15, 'Quiz # 359', '0000-00-00', '', '', '', '', '', 0, 1, 0, 359),
(360, 15, 'Quiz # 360', '0000-00-00', '', '', '', '', '', 0, 1, 0, 360),
(361, 15, 'Quiz # 361', '0000-00-00', '', '', '', '', '', 0, 1, 0, 361),
(362, 15, 'Quiz # 362', '0000-00-00', '', '', '', '', '', 0, 1, 0, 362),
(363, 15, 'Quiz # 363', '0000-00-00', '', '', '', '', '', 0, 1, 0, 363),
(364, 15, 'Quiz # 364', '0000-00-00', '', '', '', '', '', 0, 1, 0, 364),
(365, 15, 'Quiz # 365', '0000-00-00', '', '', '', '', '', 0, 1, 0, 365),
(366, 15, 'Quiz # 366', '0000-00-00', '', '', '', '', '', 0, 1, 0, 366),
(367, 15, 'Quiz # 367', '0000-00-00', '', '', '', '', '', 0, 1, 0, 367),
(368, 15, 'Quiz # 368', '0000-00-00', '', '', '', '', '', 0, 1, 0, 368),
(369, 15, 'Quiz # 369', '0000-00-00', '', '', '', '', '', 0, 1, 0, 369),
(370, 15, 'Quiz # 370', '0000-00-00', '', '', '', '', '', 0, 1, 0, 370),
(371, 15, 'Quiz # 371', '0000-00-00', '', '', '', '', '', 0, 1, 0, 371),
(372, 15, 'Quiz # 372', '0000-00-00', '', '', '', '', '', 0, 1, 0, 372),
(373, 15, 'Quiz # 373', '0000-00-00', '', '', '', '', '', 0, 1, 0, 373),
(374, 15, 'Quiz # 374', '0000-00-00', '', '', '', '', '', 0, 1, 0, 374),
(375, 15, 'Quiz # 375', '0000-00-00', '', '', '', '', '', 0, 1, 0, 375),
(376, 15, 'Quiz # 376', '0000-00-00', '', '', '', '', '', 0, 1, 0, 376),
(377, 15, 'Quiz # 377', '0000-00-00', '', '', '', '', '', 0, 1, 0, 377),
(378, 15, 'Quiz # 378', '0000-00-00', '', '', '', '', '', 0, 1, 0, 378),
(379, 15, 'Quiz # 379', '0000-00-00', '', '', '', '', '', 0, 1, 0, 379),
(380, 15, 'Quiz # 380', '0000-00-00', '', '', '', '', '', 0, 1, 0, 380),
(381, 15, 'Quiz # 381', '0000-00-00', '', '', '', '', '', 0, 1, 0, 381),
(382, 15, 'Quiz # 382', '0000-00-00', '', '', '', '', '', 0, 1, 0, 382),
(383, 15, 'Quiz # 383', '0000-00-00', '', '', '', '', '', 0, 1, 0, 383),
(384, 15, 'Quiz # 384', '0000-00-00', '', '', '', '', '', 0, 1, 0, 384),
(385, 15, 'Quiz # 385', '0000-00-00', '', '', '', '', '', 0, 1, 0, 385),
(386, 15, 'Quiz # 386', '0000-00-00', '', '', '', '', '', 0, 1, 0, 386),
(387, 15, 'Quiz # 387', '0000-00-00', '', '', '', '', '', 0, 1, 0, 387),
(388, 15, 'Quiz # 388', '0000-00-00', '', '', '', '', '', 0, 1, 0, 388),
(389, 15, 'Quiz # 389', '0000-00-00', '', '', '', '', '', 0, 1, 0, 389),
(390, 15, 'Quiz # 390', '0000-00-00', '', '', '', '', '', 0, 1, 0, 390),
(391, 15, 'Quiz # 391', '0000-00-00', '', '', '', '', '', 0, 1, 0, 391),
(392, 15, 'Quiz # 392', '0000-00-00', '', '', '', '', '', 0, 1, 0, 392),
(393, 15, 'Quiz # 393', '0000-00-00', '', '', '', '', '', 0, 1, 0, 393),
(394, 15, 'Quiz # 394', '0000-00-00', '', '', '', '', '', 0, 1, 0, 394),
(395, 15, 'Quiz # 395', '0000-00-00', '', '', '', '', '', 0, 1, 0, 395),
(396, 15, 'Quiz # 396', '0000-00-00', '', '', '', '', '', 0, 1, 0, 396),
(397, 15, 'Quiz # 397', '0000-00-00', '', '', '', '', '', 0, 1, 0, 397),
(398, 15, 'Quiz # 398', '0000-00-00', '', '', '', '', '', 0, 1, 0, 398),
(399, 15, 'Quiz # 399', '0000-00-00', '', '', '', '', '', 0, 1, 0, 399),
(400, 15, 'Quiz # 400', '0000-00-00', '', '', '', '', '', 0, 1, 0, 400),
(401, 15, 'Quiz # 401', '0000-00-00', '', '', '', '', '', 0, 1, 0, 401),
(402, 15, 'Quiz # 402', '0000-00-00', '', '', '', '', '', 0, 1, 0, 402),
(403, 15, 'Quiz # 403', '0000-00-00', '', '', '', '', '', 0, 1, 0, 403),
(404, 15, 'Quiz # 404', '0000-00-00', '', '', '', '', '', 0, 1, 0, 404),
(405, 15, 'Quiz # 405', '0000-00-00', '', '', '', '', '', 0, 1, 0, 405),
(406, 15, 'Quiz # 406', '0000-00-00', '', '', '', '', '', 0, 1, 0, 406),
(407, 15, 'Quiz # 407', '0000-00-00', '', '', '', '', '', 0, 1, 0, 407),
(408, 15, 'Quiz # 408', '0000-00-00', '', '', '', '', '', 0, 1, 0, 408),
(409, 15, 'Quiz # 409', '0000-00-00', '', '', '', '', '', 0, 1, 0, 409),
(410, 15, 'Quiz # 410', '0000-00-00', '', '', '', '', '', 0, 1, 0, 410),
(411, 15, 'Quiz # 411', '0000-00-00', '', '', '', '', '', 0, 1, 0, 411),
(412, 15, 'Quiz # 412', '0000-00-00', '', '', '', '', '', 0, 1, 0, 412),
(413, 15, 'Quiz # 413', '0000-00-00', '', '', '', '', '', 0, 1, 0, 413),
(414, 15, 'Quiz # 414', '0000-00-00', '', '', '', '', '', 0, 1, 0, 414),
(415, 15, 'Quiz # 415', '0000-00-00', '', '', '', '', '', 0, 1, 0, 415),
(416, 15, 'Quiz # 416', '0000-00-00', '', '', '', '', '', 0, 1, 0, 416),
(417, 15, 'Quiz # 417', '0000-00-00', '', '', '', '', '', 0, 1, 0, 417),
(418, 15, 'Quiz # 418', '0000-00-00', '', '', '', '', '', 0, 1, 0, 418),
(419, 15, 'Quiz # 419', '0000-00-00', '', '', '', '', '', 0, 1, 0, 419),
(420, 15, 'Quiz # 420', '0000-00-00', '', '', '', '', '', 0, 1, 0, 420),
(421, 15, 'Quiz # 421', '0000-00-00', '', '', '', '', '', 0, 1, 0, 421),
(422, 15, 'Quiz # 422', '0000-00-00', '', '', '', '', '', 0, 1, 0, 422),
(423, 15, 'Quiz # 423', '0000-00-00', '', '', '', '', '', 0, 1, 0, 423),
(424, 15, 'Quiz # 424', '0000-00-00', '', '', '', '', '', 0, 1, 0, 424),
(425, 15, 'Quiz # 425', '0000-00-00', '', '', '', '', '', 0, 1, 0, 425),
(426, 15, 'Quiz # 426', '0000-00-00', '', '', '', '', '', 0, 1, 0, 426),
(427, 15, 'Quiz # 427', '0000-00-00', '', '', '', '', '', 0, 1, 0, 427),
(428, 15, 'Quiz # 428', '0000-00-00', '', '', '', '', '', 0, 1, 0, 428),
(429, 15, 'Quiz # 429', '0000-00-00', '', '', '', '', '', 0, 1, 0, 429),
(430, 15, 'Quiz # 430', '0000-00-00', '', '', '', '', '', 0, 1, 0, 430),
(431, 15, 'Quiz # 431', '0000-00-00', '', '', '', '', '', 0, 1, 0, 431),
(432, 15, 'Quiz # 432', '0000-00-00', '', '', '', '', '', 0, 1, 0, 432),
(433, 15, 'Quiz # 433', '0000-00-00', '', '', '', '', '', 0, 1, 0, 433),
(434, 15, 'Quiz # 434', '0000-00-00', '', '', '', '', '', 0, 1, 0, 434),
(435, 15, 'Quiz # 435', '0000-00-00', '', '', '', '', '', 0, 1, 0, 435),
(436, 15, 'Quiz # 436', '0000-00-00', '', '', '', '', '', 0, 1, 0, 436),
(437, 15, 'Quiz # 437', '0000-00-00', '', '', '', '', '', 0, 1, 0, 437),
(438, 15, 'Quiz # 438', '0000-00-00', '', '', '', '', '', 0, 1, 0, 438),
(439, 15, 'Quiz # 439', '0000-00-00', '', '', '', '', '', 0, 1, 0, 439),
(440, 15, 'Quiz # 440', '0000-00-00', '', '', '', '', '', 0, 1, 0, 440),
(441, 15, 'Quiz # 441', '0000-00-00', '', '', '', '', '', 0, 1, 0, 441),
(442, 15, 'Quiz # 442', '0000-00-00', '', '', '', '', '', 0, 1, 0, 442),
(443, 15, 'Quiz # 443', '0000-00-00', '', '', '', '', '', 0, 1, 0, 443),
(444, 15, 'Quiz # 444', '0000-00-00', '', '', '', '', '', 0, 1, 0, 444),
(445, 15, 'Quiz # 445', '0000-00-00', '', '', '', '', '', 0, 1, 0, 445),
(446, 15, 'Quiz # 446', '0000-00-00', '', '', '', '', '', 0, 1, 0, 446),
(447, 15, 'Quiz # 447', '0000-00-00', '', '', '', '', '', 0, 1, 0, 447),
(448, 15, 'Quiz # 448', '0000-00-00', '', '', '', '', '', 0, 1, 0, 448),
(449, 15, 'Quiz # 449', '0000-00-00', '', '', '', '', '', 0, 1, 0, 449),
(450, 15, 'Quiz # 450', '0000-00-00', '', '', '', '', '', 0, 1, 0, 450),
(451, 15, 'Quiz # 451', '0000-00-00', '', '', '', '', '', 0, 1, 0, 451),
(452, 15, 'Quiz # 452', '0000-00-00', '', '', '', '', '', 0, 1, 0, 452),
(453, 15, 'Quiz # 453', '0000-00-00', '', '', '', '', '', 0, 1, 0, 453),
(454, 15, 'Quiz # 454', '0000-00-00', '', '', '', '', '', 0, 1, 0, 454),
(455, 15, 'Quiz # 455', '0000-00-00', '', '', '', '', '', 0, 1, 0, 455),
(456, 15, 'Quiz # 456', '0000-00-00', '', '', '', '', '', 0, 1, 0, 456),
(457, 15, 'Quiz # 457', '0000-00-00', '', '', '', '', '', 0, 1, 0, 457),
(458, 15, 'Quiz # 458', '0000-00-00', '', '', '', '', '', 0, 1, 0, 458),
(459, 15, 'Quiz # 459', '0000-00-00', '', '', '', '', '', 0, 1, 0, 459),
(460, 15, 'Quiz # 460', '0000-00-00', '', '', '', '', '', 0, 1, 0, 460),
(461, 15, 'Quiz # 461', '0000-00-00', '', '', '', '', '', 0, 1, 0, 461),
(462, 15, 'Quiz # 462', '0000-00-00', '', '', '', '', '', 0, 1, 0, 462),
(463, 15, 'Quiz # 463', '0000-00-00', '', '', '', '', '', 0, 1, 0, 463),
(464, 15, 'Quiz # 464', '0000-00-00', '', '', '', '', '', 0, 1, 0, 464),
(465, 15, 'Quiz # 465', '0000-00-00', '', '', '', '', '', 0, 1, 0, 465),
(466, 15, 'Quiz # 466', '0000-00-00', '', '', '', '', '', 0, 1, 0, 466),
(467, 15, 'Quiz # 467', '0000-00-00', '', '', '', '', '', 0, 1, 0, 467),
(468, 15, 'Quiz # 468', '0000-00-00', '', '', '', '', '', 0, 1, 0, 468),
(469, 15, 'Quiz # 469', '0000-00-00', '', '', '', '', '', 0, 1, 0, 469),
(470, 15, 'Quiz # 470', '0000-00-00', '', '', '', '', '', 0, 1, 0, 470),
(471, 15, 'Quiz # 471', '0000-00-00', '', '', '', '', '', 0, 1, 0, 471),
(472, 15, 'Quiz # 472', '0000-00-00', '', '', '', '', '', 0, 1, 0, 472),
(473, 15, 'Quiz # 473', '0000-00-00', '', '', '', '', '', 0, 1, 0, 473),
(474, 15, 'Quiz # 474', '0000-00-00', '', '', '', '', '', 0, 1, 0, 474),
(475, 15, 'Quiz # 475', '0000-00-00', '', '', '', '', '', 0, 1, 0, 475),
(476, 15, 'Quiz # 476', '0000-00-00', '', '', '', '', '', 0, 1, 0, 476),
(477, 15, 'Quiz # 477', '0000-00-00', '', '', '', '', '', 0, 1, 0, 477),
(478, 15, 'Quiz # 478', '0000-00-00', '', '', '', '', '', 0, 1, 0, 478),
(479, 15, 'Quiz # 479', '0000-00-00', '', '', '', '', '', 0, 1, 0, 479),
(480, 15, 'Quiz # 480', '0000-00-00', '', '', '', '', '', 0, 1, 0, 480),
(481, 15, 'Quiz # 481', '0000-00-00', '', '', '', '', '', 0, 1, 0, 481),
(482, 15, 'Quiz # 482', '0000-00-00', '', '', '', '', '', 0, 1, 0, 482),
(483, 15, 'Quiz # 483', '0000-00-00', '', '', '', '', '', 0, 1, 0, 483),
(484, 15, 'Quiz # 484', '0000-00-00', '', '', '', '', '', 0, 1, 0, 484),
(485, 15, 'Quiz # 485', '0000-00-00', '', '', '', '', '', 0, 1, 0, 485),
(486, 15, 'Quiz # 486', '0000-00-00', '', '', '', '', '', 0, 1, 0, 486),
(487, 15, 'Quiz # 487', '0000-00-00', '', '', '', '', '', 0, 1, 0, 487),
(488, 15, 'Quiz # 488', '0000-00-00', '', '', '', '', '', 0, 1, 0, 488),
(489, 15, 'Quiz # 489', '0000-00-00', '', '', '', '', '', 0, 1, 0, 489),
(490, 15, 'Quiz # 490', '0000-00-00', '', '', '', '', '', 0, 1, 0, 490),
(491, 15, 'Quiz # 491', '0000-00-00', '', '', '', '', '', 0, 1, 0, 491),
(492, 15, 'Quiz # 492', '0000-00-00', '', '', '', '', '', 0, 1, 0, 492),
(493, 15, 'Quiz # 493', '0000-00-00', '', '', '', '', '', 0, 1, 0, 493),
(494, 15, 'Quiz # 494', '0000-00-00', '', '', '', '', '', 0, 1, 0, 494),
(495, 15, 'Quiz # 495', '0000-00-00', '', '', '', '', '', 0, 1, 0, 495),
(496, 15, 'Quiz # 496', '0000-00-00', '', '', '', '', '', 0, 1, 0, 496),
(497, 15, 'Quiz # 497', '0000-00-00', '', '', '', '', '', 0, 1, 0, 497),
(498, 15, 'Quiz # 498', '0000-00-00', '', '', '', '', '', 0, 1, 0, 498),
(499, 15, 'Quiz # 499', '0000-00-00', '', '', '', '', '', 0, 1, 0, 499),
(500, 15, 'Quiz # 500', '0000-00-00', '', '', '', '', '', 0, 1, 0, 500),
(501, 15, 'Quiz # 501', '0000-00-00', '', '', '', '', '', 0, 1, 0, 501),
(502, 15, 'Quiz # 502', '0000-00-00', '', '', '', '', '', 0, 1, 0, 502),
(503, 15, 'Quiz # 503', '0000-00-00', '', '', '', '', '', 0, 1, 0, 503),
(504, 15, 'Quiz # 504', '0000-00-00', '', '', '', '', '', 0, 1, 0, 504),
(505, 15, 'Quiz # 505', '0000-00-00', '', '', '', '', '', 0, 1, 0, 505),
(506, 15, 'Quiz # 506', '0000-00-00', '', '', '', '', '', 0, 1, 0, 506),
(507, 15, 'Quiz # 507', '0000-00-00', '', '', '', '', '', 0, 1, 0, 507),
(508, 15, 'Quiz # 508', '0000-00-00', '', '', '', '', '', 0, 1, 0, 508),
(509, 15, 'Quiz # 509', '0000-00-00', '', '', '', '', '', 0, 1, 0, 509),
(510, 15, 'Quiz # 510', '0000-00-00', '', '', '', '', '', 0, 1, 0, 510),
(511, 15, 'Quiz # 511', '0000-00-00', '', '', '', '', '', 0, 1, 0, 511),
(512, 15, 'Quiz # 512', '0000-00-00', '', '', '', '', '', 0, 1, 0, 512),
(513, 15, 'Quiz # 513', '0000-00-00', '', '', '', '', '', 0, 1, 0, 513),
(514, 15, 'Quiz # 514', '0000-00-00', '', '', '', '', '', 0, 1, 0, 514),
(515, 15, 'Quiz # 515', '0000-00-00', '', '', '', '', '', 0, 1, 0, 515),
(516, 15, 'Quiz # 516', '0000-00-00', '', '', '', '', '', 0, 1, 0, 516),
(517, 15, 'Quiz # 517', '0000-00-00', '', '', '', '', '', 0, 1, 0, 517),
(518, 15, 'Quiz # 518', '0000-00-00', '', '', '', '', '', 0, 1, 0, 518),
(519, 15, 'Quiz # 519', '0000-00-00', '', '', '', '', '', 0, 1, 0, 519),
(520, 15, 'Quiz # 520', '0000-00-00', '', '', '', '', '', 0, 1, 0, 520),
(521, 15, 'Quiz # 521', '0000-00-00', '', '', '', '', '', 0, 1, 0, 521),
(522, 15, 'Quiz # 522', '0000-00-00', '', '', '', '', '', 0, 1, 0, 522),
(523, 15, 'Quiz # 523', '0000-00-00', '', '', '', '', '', 0, 1, 0, 523),
(524, 15, 'Quiz # 524', '0000-00-00', '', '', '', '', '', 0, 1, 0, 524),
(525, 15, 'Quiz # 525', '0000-00-00', '', '', '', '', '', 0, 1, 0, 525),
(526, 15, 'Quiz # 526', '0000-00-00', '', '', '', '', '', 0, 1, 0, 526),
(527, 15, 'Quiz # 527', '0000-00-00', '', '', '', '', '', 0, 1, 0, 527),
(528, 15, 'Quiz # 528', '0000-00-00', '', '', '', '', '', 0, 1, 0, 528),
(529, 15, 'Quiz # 529', '0000-00-00', '', '', '', '', '', 0, 1, 0, 529),
(530, 15, 'Quiz # 530', '0000-00-00', '', '', '', '', '', 0, 1, 0, 530),
(531, 15, 'Quiz # 531', '0000-00-00', '', '', '', '', '', 0, 1, 0, 531),
(532, 15, 'Quiz # 532', '0000-00-00', '', '', '', '', '', 0, 1, 0, 532),
(533, 15, 'Quiz # 533', '0000-00-00', '', '', '', '', '', 0, 1, 0, 533),
(534, 15, 'Quiz # 534', '0000-00-00', '', '', '', '', '', 0, 1, 0, 534),
(535, 15, 'Quiz # 535', '0000-00-00', '', '', '', '', '', 0, 1, 0, 535),
(536, 15, 'Quiz # 536', '0000-00-00', '', '', '', '', '', 0, 1, 0, 536),
(537, 15, 'Quiz # 537', '0000-00-00', '', '', '', '', '', 0, 1, 0, 537),
(538, 15, 'Quiz # 538', '0000-00-00', '', '', '', '', '', 0, 1, 0, 538),
(539, 15, 'Quiz # 539', '0000-00-00', '', '', '', '', '', 0, 1, 0, 539),
(540, 15, 'Quiz # 540', '0000-00-00', '', '', '', '', '', 0, 1, 0, 540),
(541, 15, 'Quiz # 541', '0000-00-00', '', '', '', '', '', 0, 1, 0, 541),
(542, 15, 'Quiz # 542', '0000-00-00', '', '', '', '', '', 0, 1, 0, 542),
(543, 15, 'Quiz # 543', '0000-00-00', '', '', '', '', '', 0, 1, 0, 543),
(544, 15, 'Quiz # 544', '0000-00-00', '', '', '', '', '', 0, 1, 0, 544),
(545, 15, 'Quiz # 545', '0000-00-00', '', '', '', '', '', 0, 1, 0, 545),
(546, 15, 'Quiz # 546', '0000-00-00', '', '', '', '', '', 0, 1, 0, 546),
(547, 15, 'Quiz # 547', '0000-00-00', '', '', '', '', '', 0, 1, 0, 547),
(548, 15, 'Quiz # 548', '0000-00-00', '', '', '', '', '', 0, 1, 0, 548),
(549, 15, 'Quiz # 549', '0000-00-00', '', '', '', '', '', 0, 1, 0, 549),
(550, 15, 'Quiz # 550', '0000-00-00', '', '', '', '', '', 0, 1, 0, 550),
(551, 15, 'Quiz # 551', '0000-00-00', '', '', '', '', '', 0, 1, 0, 551),
(552, 15, 'Quiz # 552', '0000-00-00', '', '', '', '', '', 0, 1, 0, 552),
(553, 15, 'Quiz # 553', '0000-00-00', '', '', '', '', '', 0, 1, 0, 553),
(554, 15, 'Quiz # 554', '0000-00-00', '', '', '', '', '', 0, 1, 0, 554),
(555, 15, 'Quiz # 555', '0000-00-00', '', '', '', '', '', 0, 1, 0, 555),
(556, 15, 'Quiz # 556', '0000-00-00', '', '', '', '', '', 0, 1, 0, 556),
(557, 15, 'Quiz # 557', '0000-00-00', '', '', '', '', '', 0, 1, 0, 557),
(558, 15, 'Quiz # 558', '0000-00-00', '', '', '', '', '', 0, 1, 0, 558),
(559, 15, 'Quiz # 559', '0000-00-00', '', '', '', '', '', 0, 1, 0, 559),
(560, 15, 'Quiz # 560', '0000-00-00', '', '', '', '', '', 0, 1, 0, 560),
(561, 15, 'Quiz # 561', '0000-00-00', '', '', '', '', '', 0, 1, 0, 561),
(562, 15, 'Quiz # 562', '0000-00-00', '', '', '', '', '', 0, 1, 0, 562),
(563, 15, 'Quiz # 563', '0000-00-00', '', '', '', '', '', 0, 1, 0, 563),
(564, 15, 'Quiz # 564', '0000-00-00', '', '', '', '', '', 0, 1, 0, 564),
(565, 15, 'Quiz # 565', '0000-00-00', '', '', '', '', '', 0, 1, 0, 565),
(566, 15, 'Quiz # 566', '0000-00-00', '', '', '', '', '', 0, 1, 0, 566),
(567, 15, 'Quiz # 567', '0000-00-00', '', '', '', '', '', 0, 1, 0, 567),
(568, 15, 'Quiz # 568', '0000-00-00', '', '', '', '', '', 0, 1, 0, 568),
(569, 15, 'Quiz # 569', '0000-00-00', '', '', '', '', '', 0, 1, 0, 569),
(570, 15, 'Quiz # 570', '0000-00-00', '', '', '', '', '', 0, 1, 0, 570),
(571, 15, 'Quiz # 571', '0000-00-00', '', '', '', '', '', 0, 1, 0, 571),
(572, 15, 'Quiz # 572', '0000-00-00', '', '', '', '', '', 0, 1, 0, 572),
(573, 15, 'Quiz # 573', '0000-00-00', '', '', '', '', '', 0, 1, 0, 573),
(574, 15, 'Quiz # 574', '0000-00-00', '', '', '', '', '', 0, 1, 0, 574),
(575, 15, 'Quiz # 575', '0000-00-00', '', '', '', '', '', 0, 1, 0, 575),
(576, 15, 'Quiz # 576', '0000-00-00', '', '', '', '', '', 0, 1, 0, 576),
(577, 15, 'Quiz # 577', '0000-00-00', '', '', '', '', '', 0, 1, 0, 577),
(578, 15, 'Quiz # 578', '0000-00-00', '', '', '', '', '', 0, 1, 0, 578),
(579, 15, 'Quiz # 579', '0000-00-00', '', '', '', '', '', 0, 1, 0, 579),
(580, 15, 'Quiz # 580', '0000-00-00', '', '', '', '', '', 0, 1, 0, 580),
(581, 15, 'Quiz # 581', '0000-00-00', '', '', '', '', '', 0, 1, 0, 581),
(582, 15, 'Quiz # 582', '0000-00-00', '', '', '', '', '', 0, 1, 0, 582),
(583, 15, 'Quiz # 583', '0000-00-00', '', '', '', '', '', 0, 1, 0, 583),
(584, 15, 'Quiz # 584', '0000-00-00', '', '', '', '', '', 0, 1, 0, 584),
(585, 15, 'Quiz # 585', '0000-00-00', '', '', '', '', '', 0, 1, 0, 585),
(586, 15, 'Quiz # 586', '0000-00-00', '', '', '', '', '', 0, 1, 0, 586),
(587, 15, 'Quiz # 587', '0000-00-00', '', '', '', '', '', 0, 1, 0, 587),
(588, 15, 'Quiz # 588', '0000-00-00', '', '', '', '', '', 0, 1, 0, 588),
(589, 15, 'Quiz # 589', '0000-00-00', '', '', '', '', '', 0, 1, 0, 589),
(590, 15, 'Quiz # 590', '0000-00-00', '', '', '', '', '', 0, 1, 0, 590),
(591, 15, 'Quiz # 591', '0000-00-00', '', '', '', '', '', 0, 1, 0, 591),
(592, 15, 'Quiz # 592', '0000-00-00', '', '', '', '', '', 0, 1, 0, 592),
(593, 15, 'Quiz # 593', '0000-00-00', '', '', '', '', '', 0, 1, 0, 593),
(594, 15, 'Quiz # 594', '0000-00-00', '', '', '', '', '', 0, 1, 0, 594),
(595, 15, 'Quiz # 595', '0000-00-00', '', '', '', '', '', 0, 1, 0, 595),
(596, 15, 'Quiz # 596', '0000-00-00', '', '', '', '', '', 0, 1, 0, 596),
(597, 15, 'Quiz # 597', '0000-00-00', '', '', '', '', '', 0, 1, 0, 597),
(598, 15, 'Quiz # 598', '0000-00-00', '', '', '', '', '', 0, 1, 0, 598),
(599, 15, 'Quiz # 599', '0000-00-00', '', '', '', '', '', 0, 1, 0, 599),
(600, 15, 'Quiz # 600', '0000-00-00', '', '', '', '', '', 0, 1, 0, 600),
(601, 15, 'Quiz # 601', '0000-00-00', '', '', '', '', '', 0, 1, 0, 601),
(602, 15, 'Quiz # 602', '0000-00-00', '', '', '', '', '', 0, 1, 0, 602),
(603, 15, 'Quiz # 603', '0000-00-00', '', '', '', '', '', 0, 1, 0, 603),
(604, 15, 'Quiz # 604', '0000-00-00', '', '', '', '', '', 0, 1, 0, 604),
(605, 15, 'Quiz # 605', '0000-00-00', '', '', '', '', '', 0, 1, 0, 605),
(606, 15, 'Quiz # 606', '0000-00-00', '', '', '', '', '', 0, 1, 0, 606),
(607, 15, 'Quiz # 607', '0000-00-00', '', '', '', '', '', 0, 1, 0, 607),
(608, 15, 'Quiz # 608', '0000-00-00', '', '', '', '', '', 0, 1, 0, 608),
(609, 15, 'Quiz # 609', '0000-00-00', '', '', '', '', '', 0, 1, 0, 609),
(610, 15, 'Quiz # 610', '0000-00-00', '', '', '', '', '', 0, 1, 0, 610),
(611, 15, 'Quiz # 611', '0000-00-00', '', '', '', '', '', 0, 1, 0, 611),
(612, 15, 'Quiz # 612', '0000-00-00', '', '', '', '', '', 0, 1, 0, 612),
(613, 15, 'Quiz # 613', '0000-00-00', '', '', '', '', '', 0, 1, 0, 613),
(614, 15, 'Quiz # 614', '0000-00-00', '', '', '', '', '', 0, 1, 0, 614),
(615, 15, 'Quiz # 615', '0000-00-00', '', '', '', '', '', 0, 1, 0, 615),
(616, 15, 'Quiz # 616', '0000-00-00', '', '', '', '', '', 0, 1, 0, 616),
(617, 15, 'Quiz # 617', '0000-00-00', '', '', '', '', '', 0, 1, 0, 617),
(618, 15, 'Quiz # 618', '0000-00-00', '', '', '', '', '', 0, 1, 0, 618),
(619, 15, 'Quiz # 619', '0000-00-00', '', '', '', '', '', 0, 1, 0, 619),
(620, 15, 'Quiz # 620', '0000-00-00', '', '', '', '', '', 0, 1, 0, 620),
(621, 15, 'Quiz # 621', '0000-00-00', '', '', '', '', '', 0, 1, 0, 621),
(622, 15, 'Quiz # 622', '0000-00-00', '', '', '', '', '', 0, 1, 0, 622),
(623, 15, 'Quiz # 623', '0000-00-00', '', '', '', '', '', 0, 1, 0, 623),
(624, 15, 'Quiz # 624', '0000-00-00', '', '', '', '', '', 0, 1, 0, 624),
(625, 15, 'Quiz # 625', '0000-00-00', '', '', '', '', '', 0, 1, 0, 625),
(626, 15, 'Quiz # 626', '0000-00-00', '', '', '', '', '', 0, 1, 0, 626),
(627, 15, 'Quiz # 627', '0000-00-00', '', '', '', '', '', 0, 1, 0, 627),
(628, 15, 'Quiz # 628', '0000-00-00', '', '', '', '', '', 0, 1, 0, 628),
(629, 15, 'Quiz # 629', '0000-00-00', '', '', '', '', '', 0, 1, 0, 629),
(630, 15, 'Quiz # 630', '0000-00-00', '', '', '', '', '', 0, 1, 0, 630),
(631, 15, 'Quiz # 631', '0000-00-00', '', '', '', '', '', 0, 1, 0, 631),
(632, 15, 'Quiz # 632', '0000-00-00', '', '', '', '', '', 0, 1, 0, 632),
(633, 15, 'Quiz # 633', '0000-00-00', '', '', '', '', '', 0, 1, 0, 633),
(634, 15, 'Quiz # 634', '0000-00-00', '', '', '', '', '', 0, 1, 0, 634),
(635, 15, 'Quiz # 635', '0000-00-00', '', '', '', '', '', 0, 1, 0, 635),
(636, 15, 'Quiz # 636', '0000-00-00', '', '', '', '', '', 0, 1, 0, 636),
(637, 15, 'Quiz # 637', '0000-00-00', '', '', '', '', '', 0, 1, 0, 637),
(638, 15, 'Quiz # 638', '0000-00-00', '', '', '', '', '', 0, 1, 0, 638),
(639, 15, 'Quiz # 639', '0000-00-00', '', '', '', '', '', 0, 1, 0, 639),
(640, 15, 'Quiz # 640', '0000-00-00', '', '', '', '', '', 0, 1, 0, 640),
(641, 15, 'Quiz # 641', '0000-00-00', '', '', '', '', '', 0, 1, 0, 641),
(642, 15, 'Quiz # 642', '0000-00-00', '', '', '', '', '', 0, 1, 0, 642),
(643, 15, 'Quiz # 643', '0000-00-00', '', '', '', '', '', 0, 1, 0, 643),
(644, 15, 'Quiz # 644', '0000-00-00', '', '', '', '', '', 0, 1, 0, 644),
(645, 15, 'Quiz # 645', '0000-00-00', '', '', '', '', '', 0, 1, 0, 645),
(646, 15, 'Quiz # 646', '0000-00-00', '', '', '', '', '', 0, 1, 0, 646),
(647, 15, 'Quiz # 647', '0000-00-00', '', '', '', '', '', 0, 1, 0, 647),
(648, 15, 'Quiz # 648', '0000-00-00', '', '', '', '', '', 0, 1, 0, 648),
(649, 15, 'Quiz # 649', '0000-00-00', '', '', '', '', '', 0, 1, 0, 649),
(650, 15, 'Quiz # 650', '0000-00-00', '', '', '', '', '', 0, 1, 0, 650),
(651, 15, 'Quiz # 651', '0000-00-00', '', '', '', '', '', 0, 1, 0, 651),
(652, 15, 'Quiz # 652', '0000-00-00', '', '', '', '', '', 0, 1, 0, 652),
(653, 15, 'Quiz # 653', '0000-00-00', '', '', '', '', '', 0, 1, 0, 653),
(654, 15, 'Quiz # 654', '0000-00-00', '', '', '', '', '', 0, 1, 0, 654),
(655, 15, 'Quiz # 655', '0000-00-00', '', '', '', '', '', 0, 1, 0, 655),
(656, 15, 'Quiz # 656', '0000-00-00', '', '', '', '', '', 0, 1, 0, 656),
(657, 15, 'Quiz # 657', '0000-00-00', '', '', '', '', '', 0, 1, 0, 657),
(658, 15, 'Quiz # 658', '0000-00-00', '', '', '', '', '', 0, 1, 0, 658),
(659, 15, 'Quiz # 659', '0000-00-00', '', '', '', '', '', 0, 1, 0, 659),
(660, 15, 'Quiz # 660', '0000-00-00', '', '', '', '', '', 0, 1, 0, 660),
(661, 15, 'Quiz # 661', '0000-00-00', '', '', '', '', '', 0, 1, 0, 661),
(662, 15, 'Quiz # 662', '0000-00-00', '', '', '', '', '', 0, 1, 0, 662),
(663, 15, 'Quiz # 663', '0000-00-00', '', '', '', '', '', 0, 1, 0, 663),
(664, 15, 'Quiz # 664', '0000-00-00', '', '', '', '', '', 0, 1, 0, 664),
(665, 15, 'Quiz # 665', '0000-00-00', '', '', '', '', '', 0, 1, 0, 665),
(666, 15, 'Quiz # 666', '0000-00-00', '', '', '', '', '', 0, 1, 0, 666),
(667, 15, 'Quiz # 667', '0000-00-00', '', '', '', '', '', 0, 1, 0, 667),
(668, 15, 'Quiz # 668', '0000-00-00', '', '', '', '', '', 0, 1, 0, 668),
(669, 15, 'Quiz # 669', '0000-00-00', '', '', '', '', '', 0, 1, 0, 669),
(670, 15, 'Quiz # 670', '0000-00-00', '', '', '', '', '', 0, 1, 0, 670),
(671, 15, 'Quiz # 671', '0000-00-00', '', '', '', '', '', 0, 1, 0, 671),
(672, 15, 'Quiz # 672', '0000-00-00', '', '', '', '', '', 0, 1, 0, 672),
(673, 15, 'Quiz # 673', '0000-00-00', '', '', '', '', '', 0, 1, 0, 673),
(674, 15, 'Quiz # 674', '0000-00-00', '', '', '', '', '', 0, 1, 0, 674),
(675, 15, 'Quiz # 675', '0000-00-00', '', '', '', '', '', 0, 1, 0, 675),
(676, 15, 'Quiz # 676', '0000-00-00', '', '', '', '', '', 0, 1, 0, 676),
(677, 15, 'Quiz # 677', '0000-00-00', '', '', '', '', '', 0, 1, 0, 677),
(678, 15, 'Quiz # 678', '0000-00-00', '', '', '', '', '', 0, 1, 0, 678),
(679, 15, 'Quiz # 679', '0000-00-00', '', '', '', '', '', 0, 1, 0, 679),
(680, 15, 'Quiz # 680', '0000-00-00', '', '', '', '', '', 0, 1, 0, 680),
(681, 15, 'Quiz # 681', '0000-00-00', '', '', '', '', '', 0, 1, 0, 681),
(682, 15, 'Quiz # 682', '0000-00-00', '', '', '', '', '', 0, 1, 0, 682),
(683, 15, 'Quiz # 683', '0000-00-00', '', '', '', '', '', 0, 1, 0, 683),
(684, 15, 'Quiz # 684', '0000-00-00', '', '', '', '', '', 0, 1, 0, 684),
(685, 15, 'Quiz # 685', '0000-00-00', '', '', '', '', '', 0, 1, 0, 685),
(686, 15, 'Quiz # 686', '0000-00-00', '', '', '', '', '', 0, 1, 0, 686),
(687, 15, 'Quiz # 687', '0000-00-00', '', '', '', '', '', 0, 1, 0, 687),
(688, 15, 'Quiz # 688', '0000-00-00', '', '', '', '', '', 0, 1, 0, 688),
(689, 15, 'Quiz # 689', '0000-00-00', '', '', '', '', '', 0, 1, 0, 689),
(690, 15, 'Quiz # 690', '0000-00-00', '', '', '', '', '', 0, 1, 0, 690),
(691, 15, 'Quiz # 691', '0000-00-00', '', '', '', '', '', 0, 1, 0, 691),
(692, 15, 'Quiz # 692', '0000-00-00', '', '', '', '', '', 0, 1, 0, 692),
(693, 15, 'Quiz # 693', '0000-00-00', '', '', '', '', '', 0, 1, 0, 693),
(694, 15, 'Quiz # 694', '0000-00-00', '', '', '', '', '', 0, 1, 0, 694),
(695, 15, 'Quiz # 695', '0000-00-00', '', '', '', '', '', 0, 1, 0, 695),
(696, 15, 'Quiz # 696', '0000-00-00', '', '', '', '', '', 0, 1, 0, 696),
(697, 15, 'Quiz # 697', '0000-00-00', '', '', '', '', '', 0, 1, 0, 697),
(698, 15, 'Quiz # 698', '0000-00-00', '', '', '', '', '', 0, 1, 0, 698),
(699, 15, 'Quiz # 699', '0000-00-00', '', '', '', '', '', 0, 1, 0, 699),
(700, 15, 'Quiz # 700', '0000-00-00', '', '', '', '', '', 0, 1, 0, 700),
(701, 15, 'Quiz # 701', '0000-00-00', '', '', '', '', '', 0, 1, 0, 701),
(702, 15, 'Quiz # 702', '0000-00-00', '', '', '', '', '', 0, 1, 0, 702),
(703, 15, 'Quiz # 703', '0000-00-00', '', '', '', '', '', 0, 1, 0, 703),
(704, 15, 'Quiz # 704', '0000-00-00', '', '', '', '', '', 0, 1, 0, 704);
INSERT INTO `tbl_ready_quiz` (`ready_quiz_id`, `ready_quiz_timer`, `ready_quiz_title`, `ready_quiz_date_uploaded`, `ready_quiz_remarks`, `ready_quiz_file_name`, `ready_quiz_file_type`, `ready_quiz_location`, `ready_quiz_BLOB`, `ready_quiz_no_of_items`, `it_id`, `raw_quiz_id`, `lesson_id`) VALUES
(705, 15, 'Quiz # 705', '0000-00-00', '', '', '', '', '', 0, 1, 0, 705),
(706, 15, 'Quiz # 706', '0000-00-00', '', '', '', '', '', 0, 1, 0, 706),
(707, 15, 'Quiz # 707', '0000-00-00', '', '', '', '', '', 0, 1, 0, 707),
(708, 15, 'Quiz # 708', '0000-00-00', '', '', '', '', '', 0, 1, 0, 708),
(709, 15, 'Quiz # 709', '0000-00-00', '', '', '', '', '', 0, 1, 0, 709),
(710, 15, 'Quiz # 710', '0000-00-00', '', '', '', '', '', 0, 1, 0, 710),
(711, 15, 'Quiz # 711', '0000-00-00', '', '', '', '', '', 0, 1, 0, 711),
(712, 15, 'Quiz # 712', '0000-00-00', '', '', '', '', '', 0, 1, 0, 712),
(713, 15, 'Quiz # 713', '0000-00-00', '', '', '', '', '', 0, 1, 0, 713),
(714, 15, 'Quiz # 714', '0000-00-00', '', '', '', '', '', 0, 1, 0, 714),
(715, 15, 'Quiz # 715', '0000-00-00', '', '', '', '', '', 0, 1, 0, 715),
(716, 15, 'Quiz # 716', '0000-00-00', '', '', '', '', '', 0, 1, 0, 716),
(717, 15, 'Quiz # 717', '0000-00-00', '', '', '', '', '', 0, 1, 0, 717),
(718, 15, 'Quiz # 718', '0000-00-00', '', '', '', '', '', 0, 1, 0, 718),
(719, 15, 'Quiz # 719', '0000-00-00', '', '', '', '', '', 0, 1, 0, 719),
(720, 15, 'Quiz # 720', '0000-00-00', '', '', '', '', '', 0, 1, 0, 720),
(721, 15, 'Quiz # 721', '0000-00-00', '', '', '', '', '', 0, 1, 0, 721),
(722, 15, 'Quiz # 722', '0000-00-00', '', '', '', '', '', 0, 1, 0, 722),
(723, 15, 'Quiz # 723', '0000-00-00', '', '', '', '', '', 0, 1, 0, 723),
(724, 15, 'Quiz # 724', '0000-00-00', '', '', '', '', '', 0, 1, 0, 724),
(725, 15, 'Quiz # 725', '0000-00-00', '', '', '', '', '', 0, 1, 0, 725),
(726, 15, 'Quiz # 726', '0000-00-00', '', '', '', '', '', 0, 1, 0, 726),
(727, 15, 'Quiz # 727', '0000-00-00', '', '', '', '', '', 0, 1, 0, 727),
(728, 15, 'Quiz # 728', '0000-00-00', '', '', '', '', '', 0, 1, 0, 728),
(729, 15, 'Quiz # 729', '0000-00-00', '', '', '', '', '', 0, 1, 0, 729),
(730, 15, 'Quiz # 730', '0000-00-00', '', '', '', '', '', 0, 1, 0, 730),
(731, 15, 'Quiz # 731', '0000-00-00', '', '', '', '', '', 0, 1, 0, 731),
(732, 15, 'Quiz # 732', '0000-00-00', '', '', '', '', '', 0, 1, 0, 732),
(733, 15, 'Quiz # 733', '0000-00-00', '', '', '', '', '', 0, 1, 0, 733),
(734, 15, 'Quiz # 734', '0000-00-00', '', '', '', '', '', 0, 1, 0, 734),
(735, 15, 'Quiz # 735', '0000-00-00', '', '', '', '', '', 0, 1, 0, 735),
(736, 15, 'Quiz # 736', '0000-00-00', '', '', '', '', '', 0, 1, 0, 736),
(737, 15, 'Quiz # 737', '0000-00-00', '', '', '', '', '', 0, 1, 0, 737),
(738, 15, 'Quiz # 738', '0000-00-00', '', '', '', '', '', 0, 1, 0, 738),
(739, 15, 'Quiz # 739', '0000-00-00', '', '', '', '', '', 0, 1, 0, 739),
(740, 15, 'Quiz # 740', '0000-00-00', '', '', '', '', '', 0, 1, 0, 740),
(741, 15, 'Quiz # 741', '0000-00-00', '', '', '', '', '', 0, 1, 0, 741),
(742, 15, 'Quiz # 742', '0000-00-00', '', '', '', '', '', 0, 1, 0, 742),
(743, 15, 'Quiz # 743', '0000-00-00', '', '', '', '', '', 0, 1, 0, 743),
(744, 15, 'Quiz # 744', '0000-00-00', '', '', '', '', '', 0, 1, 0, 744),
(745, 15, 'Quiz # 745', '0000-00-00', '', '', '', '', '', 0, 1, 0, 745),
(746, 15, 'Quiz # 746', '0000-00-00', '', '', '', '', '', 0, 1, 0, 746),
(747, 15, 'Quiz # 747', '0000-00-00', '', '', '', '', '', 0, 1, 0, 747),
(748, 15, 'Quiz # 748', '0000-00-00', '', '', '', '', '', 0, 1, 0, 748),
(749, 15, 'Quiz # 749', '0000-00-00', '', '', '', '', '', 0, 1, 0, 749),
(750, 15, 'Quiz # 750', '0000-00-00', '', '', '', '', '', 0, 1, 0, 750),
(751, 15, 'Quiz # 751', '0000-00-00', '', '', '', '', '', 0, 1, 0, 751),
(752, 15, 'Quiz # 752', '0000-00-00', '', '', '', '', '', 0, 1, 0, 752),
(753, 15, 'Quiz # 753', '0000-00-00', '', '', '', '', '', 0, 1, 0, 753),
(754, 15, 'Quiz # 754', '0000-00-00', '', '', '', '', '', 0, 1, 0, 754),
(755, 15, 'Quiz # 755', '0000-00-00', '', '', '', '', '', 0, 1, 0, 755),
(756, 15, 'Quiz # 756', '0000-00-00', '', '', '', '', '', 0, 1, 0, 756),
(757, 15, 'Quiz # 757', '0000-00-00', '', '', '', '', '', 0, 1, 0, 757),
(758, 15, 'Quiz # 758', '0000-00-00', '', '', '', '', '', 0, 1, 0, 758),
(759, 15, 'Quiz # 759', '0000-00-00', '', '', '', '', '', 0, 1, 0, 759),
(760, 15, 'Quiz # 760', '0000-00-00', '', '', '', '', '', 0, 1, 0, 760),
(761, 15, 'Quiz # 761', '0000-00-00', '', '', '', '', '', 0, 1, 0, 761),
(762, 15, 'Quiz # 762', '0000-00-00', '', '', '', '', '', 0, 1, 0, 762),
(763, 15, 'Quiz # 763', '0000-00-00', '', '', '', '', '', 0, 1, 0, 763),
(764, 15, 'Quiz # 764', '0000-00-00', '', '', '', '', '', 0, 1, 0, 764),
(765, 15, 'Quiz # 765', '0000-00-00', '', '', '', '', '', 0, 1, 0, 765),
(766, 15, 'Quiz # 766', '0000-00-00', '', '', '', '', '', 0, 1, 0, 766),
(767, 15, 'Quiz # 767', '0000-00-00', '', '', '', '', '', 0, 1, 0, 767),
(768, 15, 'Quiz # 768', '0000-00-00', '', '', '', '', '', 0, 1, 0, 768),
(769, 15, 'Quiz # 769', '0000-00-00', '', '', '', '', '', 0, 1, 0, 769),
(770, 15, 'Quiz # 770', '0000-00-00', '', '', '', '', '', 0, 1, 0, 770),
(771, 15, 'Quiz # 771', '0000-00-00', '', '', '', '', '', 0, 1, 0, 771),
(772, 15, 'Quiz # 772', '0000-00-00', '', '', '', '', '', 0, 1, 0, 772),
(773, 15, 'Quiz # 773', '0000-00-00', '', '', '', '', '', 0, 1, 0, 773),
(774, 15, 'Quiz # 774', '0000-00-00', '', '', '', '', '', 0, 1, 0, 774),
(775, 15, 'Quiz # 775', '0000-00-00', '', '', '', '', '', 0, 1, 0, 775),
(776, 15, 'Quiz # 776', '0000-00-00', '', '', '', '', '', 0, 1, 0, 776),
(777, 15, 'Quiz # 777', '0000-00-00', '', '', '', '', '', 0, 1, 0, 777),
(778, 15, 'Quiz # 778', '0000-00-00', '', '', '', '', '', 0, 1, 0, 778),
(779, 15, 'Quiz # 779', '0000-00-00', '', '', '', '', '', 0, 1, 0, 779),
(780, 15, 'Quiz # 780', '0000-00-00', '', '', '', '', '', 0, 1, 0, 780),
(781, 15, 'Quiz # 781', '0000-00-00', '', '', '', '', '', 0, 1, 0, 781),
(782, 15, 'Quiz # 782', '0000-00-00', '', '', '', '', '', 0, 1, 0, 782),
(783, 15, 'Quiz # 783', '0000-00-00', '', '', '', '', '', 0, 1, 0, 783),
(784, 15, 'Quiz # 784', '0000-00-00', '', '', '', '', '', 0, 1, 0, 784),
(785, 15, 'Quiz # 785', '0000-00-00', '', '', '', '', '', 0, 1, 0, 785),
(786, 15, 'Quiz # 786', '0000-00-00', '', '', '', '', '', 0, 1, 0, 786),
(787, 15, 'Quiz # 787', '0000-00-00', '', '', '', '', '', 0, 1, 0, 787),
(788, 15, 'Quiz # 788', '0000-00-00', '', '', '', '', '', 0, 1, 0, 788),
(789, 15, 'Quiz # 789', '0000-00-00', '', '', '', '', '', 0, 1, 0, 789),
(790, 15, 'Quiz # 790', '0000-00-00', '', '', '', '', '', 0, 1, 0, 790),
(791, 15, 'Quiz # 791', '0000-00-00', '', '', '', '', '', 0, 1, 0, 791),
(792, 15, 'Quiz # 792', '0000-00-00', '', '', '', '', '', 0, 1, 0, 792),
(793, 15, 'Quiz # 793', '0000-00-00', '', '', '', '', '', 0, 1, 0, 793),
(794, 15, 'Quiz # 794', '0000-00-00', '', '', '', '', '', 0, 1, 0, 794),
(795, 15, 'Quiz # 795', '0000-00-00', '', '', '', '', '', 0, 1, 0, 795),
(796, 15, 'Quiz # 796', '0000-00-00', '', '', '', '', '', 0, 1, 0, 796),
(797, 15, 'Quiz # 797', '0000-00-00', '', '', '', '', '', 0, 1, 0, 797),
(798, 15, 'Quiz # 798', '0000-00-00', '', '', '', '', '', 0, 1, 0, 798),
(799, 15, 'Quiz # 799', '0000-00-00', '', '', '', '', '', 0, 1, 0, 799),
(800, 15, 'Quiz # 800', '0000-00-00', '', '', '', '', '', 0, 1, 0, 800),
(801, 15, 'Quiz # 801', '0000-00-00', '', '', '', '', '', 0, 1, 0, 801),
(802, 15, 'Quiz # 802', '0000-00-00', '', '', '', '', '', 0, 1, 0, 802),
(803, 15, 'Quiz # 803', '0000-00-00', '', '', '', '', '', 0, 1, 0, 803),
(804, 15, 'Quiz # 804', '0000-00-00', '', '', '', '', '', 0, 1, 0, 804),
(805, 15, 'Quiz # 805', '0000-00-00', '', '', '', '', '', 0, 1, 0, 805),
(806, 15, 'Quiz # 806', '0000-00-00', '', '', '', '', '', 0, 1, 0, 806),
(807, 15, 'Quiz # 807', '0000-00-00', '', '', '', '', '', 0, 1, 0, 807),
(808, 15, 'Quiz # 808', '0000-00-00', '', '', '', '', '', 0, 1, 0, 808),
(809, 15, 'Quiz # 809', '0000-00-00', '', '', '', '', '', 0, 1, 0, 809),
(810, 15, 'Quiz # 810', '0000-00-00', '', '', '', '', '', 0, 1, 0, 810),
(811, 15, 'Quiz # 811', '0000-00-00', '', '', '', '', '', 0, 1, 0, 811),
(812, 15, 'Quiz # 812', '0000-00-00', '', '', '', '', '', 0, 1, 0, 812),
(813, 15, 'Quiz # 813', '0000-00-00', '', '', '', '', '', 0, 1, 0, 813),
(814, 15, 'Quiz # 814', '0000-00-00', '', '', '', '', '', 0, 1, 0, 814),
(815, 15, 'Quiz # 815', '0000-00-00', '', '', '', '', '', 0, 1, 0, 815),
(816, 15, 'Quiz # 816', '0000-00-00', '', '', '', '', '', 0, 1, 0, 816),
(817, 15, 'Quiz # 817', '0000-00-00', '', '', '', '', '', 0, 1, 0, 817),
(818, 15, 'Quiz # 818', '0000-00-00', '', '', '', '', '', 0, 1, 0, 818),
(819, 15, 'Quiz # 819', '0000-00-00', '', '', '', '', '', 0, 1, 0, 819),
(820, 15, 'Quiz # 820', '0000-00-00', '', '', '', '', '', 0, 1, 0, 820),
(821, 15, 'Quiz # 821', '0000-00-00', '', '', '', '', '', 0, 1, 0, 821),
(822, 15, 'Quiz # 822', '0000-00-00', '', '', '', '', '', 0, 1, 0, 822),
(823, 15, 'Quiz # 823', '0000-00-00', '', '', '', '', '', 0, 1, 0, 823),
(824, 15, 'Quiz # 824', '0000-00-00', '', '', '', '', '', 0, 1, 0, 824),
(825, 15, 'Quiz # 825', '0000-00-00', '', '', '', '', '', 0, 1, 0, 825),
(826, 15, 'Quiz # 826', '0000-00-00', '', '', '', '', '', 0, 1, 0, 826),
(827, 15, 'Quiz # 827', '0000-00-00', '', '', '', '', '', 0, 1, 0, 827),
(828, 15, 'Quiz # 828', '0000-00-00', '', '', '', '', '', 0, 1, 0, 828),
(829, 15, 'Quiz # 829', '0000-00-00', '', '', '', '', '', 0, 1, 0, 829),
(830, 15, 'Quiz # 830', '0000-00-00', '', '', '', '', '', 0, 1, 0, 830),
(831, 15, 'Quiz # 831', '0000-00-00', '', '', '', '', '', 0, 1, 0, 831),
(832, 15, 'Quiz # 832', '0000-00-00', '', '', '', '', '', 0, 1, 0, 832),
(833, 15, 'Quiz # 833', '0000-00-00', '', '', '', '', '', 0, 1, 0, 833),
(834, 15, 'Quiz # 834', '0000-00-00', '', '', '', '', '', 0, 1, 0, 834),
(835, 15, 'Quiz # 835', '0000-00-00', '', '', '', '', '', 0, 1, 0, 835),
(836, 15, 'Quiz # 836', '0000-00-00', '', '', '', '', '', 0, 1, 0, 836),
(837, 15, 'Quiz # 837', '0000-00-00', '', '', '', '', '', 0, 1, 0, 837),
(838, 15, 'Quiz # 838', '0000-00-00', '', '', '', '', '', 0, 1, 0, 838),
(839, 15, 'Quiz # 839', '0000-00-00', '', '', '', '', '', 0, 1, 0, 839),
(840, 15, 'Quiz # 840', '0000-00-00', '', '', '', '', '', 0, 1, 0, 840),
(841, 15, 'Quiz # 841', '0000-00-00', '', '', '', '', '', 0, 1, 0, 841),
(842, 15, 'Quiz # 842', '0000-00-00', '', '', '', '', '', 0, 1, 0, 842),
(843, 15, 'Quiz # 843', '0000-00-00', '', '', '', '', '', 0, 1, 0, 843),
(844, 15, 'Quiz # 844', '0000-00-00', '', '', '', '', '', 0, 1, 0, 844),
(845, 15, 'Quiz # 845', '0000-00-00', '', '', '', '', '', 0, 1, 0, 845),
(846, 15, 'Quiz # 846', '0000-00-00', '', '', '', '', '', 0, 1, 0, 846),
(847, 15, 'Quiz # 847', '0000-00-00', '', '', '', '', '', 0, 1, 0, 847),
(848, 15, 'Quiz # 848', '0000-00-00', '', '', '', '', '', 0, 1, 0, 848),
(849, 15, 'Quiz # 849', '0000-00-00', '', '', '', '', '', 0, 1, 0, 849),
(850, 15, 'Quiz # 850', '0000-00-00', '', '', '', '', '', 0, 1, 0, 850),
(851, 15, 'Quiz # 851', '0000-00-00', '', '', '', '', '', 0, 1, 0, 851),
(852, 15, 'Quiz # 852', '0000-00-00', '', '', '', '', '', 0, 1, 0, 852),
(853, 15, 'Quiz # 853', '0000-00-00', '', '', '', '', '', 0, 1, 0, 853),
(854, 15, 'Quiz # 854', '0000-00-00', '', '', '', '', '', 0, 1, 0, 854),
(855, 15, 'Quiz # 855', '0000-00-00', '', '', '', '', '', 0, 1, 0, 855),
(856, 15, 'Quiz # 856', '0000-00-00', '', '', '', '', '', 0, 1, 0, 856),
(857, 15, 'Quiz # 857', '0000-00-00', '', '', '', '', '', 0, 1, 0, 857),
(858, 15, 'Quiz # 858', '0000-00-00', '', '', '', '', '', 0, 1, 0, 858),
(859, 15, 'Quiz # 859', '0000-00-00', '', '', '', '', '', 0, 1, 0, 859),
(860, 15, 'Quiz # 860', '0000-00-00', '', '', '', '', '', 0, 1, 0, 860),
(861, 15, 'Quiz # 861', '0000-00-00', '', '', '', '', '', 0, 1, 0, 861),
(862, 15, 'Quiz # 862', '0000-00-00', '', '', '', '', '', 0, 1, 0, 862),
(863, 15, 'Quiz # 863', '0000-00-00', '', '', '', '', '', 0, 1, 0, 863),
(864, 15, 'Quiz # 864', '0000-00-00', '', '', '', '', '', 0, 1, 0, 864),
(865, 15, 'Quiz # 865', '0000-00-00', '', '', '', '', '', 0, 1, 0, 865),
(866, 15, 'Quiz # 866', '0000-00-00', '', '', '', '', '', 0, 1, 0, 866),
(867, 15, 'Quiz # 867', '0000-00-00', '', '', '', '', '', 0, 1, 0, 867),
(868, 15, 'Quiz # 868', '0000-00-00', '', '', '', '', '', 0, 1, 0, 868),
(869, 15, 'Quiz # 869', '0000-00-00', '', '', '', '', '', 0, 1, 0, 869),
(870, 15, 'Quiz # 870', '0000-00-00', '', '', '', '', '', 0, 1, 0, 870),
(871, 15, 'Quiz # 871', '0000-00-00', '', '', '', '', '', 0, 1, 0, 871),
(872, 15, 'Quiz # 872', '0000-00-00', '', '', '', '', '', 0, 1, 0, 872),
(873, 15, 'Quiz # 873', '0000-00-00', '', '', '', '', '', 0, 1, 0, 873),
(874, 15, 'Quiz # 874', '0000-00-00', '', '', '', '', '', 0, 1, 0, 874),
(875, 15, 'Quiz # 875', '0000-00-00', '', '', '', '', '', 0, 1, 0, 875),
(876, 15, 'Quiz # 876', '0000-00-00', '', '', '', '', '', 0, 1, 0, 876),
(877, 15, 'Quiz # 877', '0000-00-00', '', '', '', '', '', 0, 1, 0, 877),
(878, 15, 'Quiz # 878', '0000-00-00', '', '', '', '', '', 0, 1, 0, 878),
(879, 15, 'Quiz # 879', '0000-00-00', '', '', '', '', '', 0, 1, 0, 879),
(880, 15, 'Quiz # 880', '0000-00-00', '', '', '', '', '', 0, 1, 0, 880),
(881, 15, 'Quiz # 881', '0000-00-00', '', '', '', '', '', 0, 1, 0, 881),
(882, 15, 'Quiz # 882', '0000-00-00', '', '', '', '', '', 0, 1, 0, 882),
(883, 15, 'Quiz # 883', '0000-00-00', '', '', '', '', '', 0, 1, 0, 883),
(884, 15, 'Quiz # 884', '0000-00-00', '', '', '', '', '', 0, 1, 0, 884),
(885, 15, 'Quiz # 885', '0000-00-00', '', '', '', '', '', 0, 1, 0, 885),
(886, 15, 'Quiz # 886', '0000-00-00', '', '', '', '', '', 0, 1, 0, 886),
(887, 15, 'Quiz # 887', '0000-00-00', '', '', '', '', '', 0, 1, 0, 887),
(888, 15, 'Quiz # 888', '0000-00-00', '', '', '', '', '', 0, 1, 0, 888),
(889, 15, 'Quiz # 889', '0000-00-00', '', '', '', '', '', 0, 1, 0, 889),
(890, 15, 'Quiz # 890', '0000-00-00', '', '', '', '', '', 0, 1, 0, 890),
(891, 15, 'Quiz # 891', '0000-00-00', '', '', '', '', '', 0, 1, 0, 891),
(892, 15, 'Quiz # 892', '0000-00-00', '', '', '', '', '', 0, 1, 0, 892),
(893, 15, 'Quiz # 893', '0000-00-00', '', '', '', '', '', 0, 1, 0, 893),
(894, 15, 'Quiz # 894', '0000-00-00', '', '', '', '', '', 0, 1, 0, 894),
(895, 15, 'Quiz # 895', '0000-00-00', '', '', '', '', '', 0, 1, 0, 895),
(896, 15, 'Quiz # 896', '0000-00-00', '', '', '', '', '', 0, 1, 0, 896),
(897, 15, 'Quiz # 897', '0000-00-00', '', '', '', '', '', 0, 1, 0, 897),
(898, 15, 'Quiz # 898', '0000-00-00', '', '', '', '', '', 0, 1, 0, 898),
(899, 15, 'Quiz # 899', '0000-00-00', '', '', '', '', '', 0, 1, 0, 899),
(900, 15, 'Quiz # 900', '0000-00-00', '', '', '', '', '', 0, 1, 0, 900),
(901, 15, 'Quiz # 901', '0000-00-00', '', '', '', '', '', 0, 1, 0, 901),
(902, 15, 'Quiz # 902', '0000-00-00', '', '', '', '', '', 0, 1, 0, 902),
(903, 15, 'Quiz # 903', '0000-00-00', '', '', '', '', '', 0, 1, 0, 903),
(904, 15, 'Quiz # 904', '0000-00-00', '', '', '', '', '', 0, 1, 0, 904),
(905, 15, 'Quiz # 905', '0000-00-00', '', '', '', '', '', 0, 1, 0, 905),
(906, 15, 'Quiz # 906', '0000-00-00', '', '', '', '', '', 0, 1, 0, 906),
(907, 15, 'Quiz # 907', '0000-00-00', '', '', '', '', '', 0, 1, 0, 907),
(908, 15, 'Quiz # 908', '0000-00-00', '', '', '', '', '', 0, 1, 0, 908),
(909, 15, 'Quiz # 909', '0000-00-00', '', '', '', '', '', 0, 1, 0, 909),
(910, 15, 'Quiz # 910', '0000-00-00', '', '', '', '', '', 0, 1, 0, 910),
(911, 15, 'Quiz # 911', '0000-00-00', '', '', '', '', '', 0, 1, 0, 911),
(912, 15, 'Quiz # 912', '0000-00-00', '', '', '', '', '', 0, 1, 0, 912),
(913, 15, 'Quiz # 913', '0000-00-00', '', '', '', '', '', 0, 1, 0, 913),
(914, 15, 'Quiz # 914', '0000-00-00', '', '', '', '', '', 0, 1, 0, 914),
(915, 15, 'Quiz # 915', '0000-00-00', '', '', '', '', '', 0, 1, 0, 915),
(916, 15, 'Quiz # 916', '0000-00-00', '', '', '', '', '', 0, 1, 0, 916),
(917, 15, 'Quiz # 917', '0000-00-00', '', '', '', '', '', 0, 1, 0, 917),
(918, 15, 'Quiz # 918', '0000-00-00', '', '', '', '', '', 0, 1, 0, 918),
(919, 15, 'Quiz # 919', '0000-00-00', '', '', '', '', '', 0, 1, 0, 919),
(920, 15, 'Quiz # 920', '0000-00-00', '', '', '', '', '', 0, 1, 0, 920),
(921, 15, 'Quiz # 921', '0000-00-00', '', '', '', '', '', 0, 1, 0, 921),
(922, 15, 'Quiz # 922', '0000-00-00', '', '', '', '', '', 0, 1, 0, 922),
(923, 15, 'Quiz # 923', '0000-00-00', '', '', '', '', '', 0, 1, 0, 923),
(924, 15, 'Quiz # 924', '0000-00-00', '', '', '', '', '', 0, 1, 0, 924),
(925, 15, 'Quiz # 925', '0000-00-00', '', '', '', '', '', 0, 1, 0, 925),
(926, 15, 'Quiz # 926', '0000-00-00', '', '', '', '', '', 0, 1, 0, 926),
(927, 15, 'Quiz # 927', '0000-00-00', '', '', '', '', '', 0, 1, 0, 927),
(928, 15, 'Quiz # 928', '0000-00-00', '', '', '', '', '', 0, 1, 0, 928),
(929, 15, 'Quiz # 929', '0000-00-00', '', '', '', '', '', 0, 1, 0, 929),
(930, 15, 'Quiz # 930', '0000-00-00', '', '', '', '', '', 0, 1, 0, 930),
(931, 15, 'Quiz # 931', '0000-00-00', '', '', '', '', '', 0, 1, 0, 931),
(932, 15, 'Quiz # 932', '0000-00-00', '', '', '', '', '', 0, 1, 0, 932),
(933, 15, 'Quiz # 933', '0000-00-00', '', '', '', '', '', 0, 1, 0, 933),
(934, 15, 'Quiz # 934', '0000-00-00', '', '', '', '', '', 0, 1, 0, 934),
(935, 15, 'Quiz # 935', '0000-00-00', '', '', '', '', '', 0, 1, 0, 935),
(936, 15, 'Quiz # 936', '0000-00-00', '', '', '', '', '', 0, 1, 0, 936),
(937, 15, 'Quiz # 937', '0000-00-00', '', '', '', '', '', 0, 1, 0, 937),
(938, 15, 'Quiz # 938', '0000-00-00', '', '', '', '', '', 0, 1, 0, 938),
(939, 15, 'Quiz # 939', '0000-00-00', '', '', '', '', '', 0, 1, 0, 939),
(940, 15, 'Quiz # 940', '0000-00-00', '', '', '', '', '', 0, 1, 0, 940),
(941, 15, 'Quiz # 941', '0000-00-00', '', '', '', '', '', 0, 1, 0, 941),
(942, 15, 'Quiz # 942', '0000-00-00', '', '', '', '', '', 0, 1, 0, 942),
(943, 15, 'Quiz # 943', '0000-00-00', '', '', '', '', '', 0, 1, 0, 943),
(944, 15, 'Quiz # 944', '0000-00-00', '', '', '', '', '', 0, 1, 0, 944),
(945, 15, 'Quiz # 945', '0000-00-00', '', '', '', '', '', 0, 1, 0, 945),
(946, 15, 'Quiz # 946', '0000-00-00', '', '', '', '', '', 0, 1, 0, 946),
(947, 15, 'Quiz # 947', '0000-00-00', '', '', '', '', '', 0, 1, 0, 947),
(948, 15, 'Quiz # 948', '0000-00-00', '', '', '', '', '', 0, 1, 0, 948),
(949, 15, 'Quiz # 949', '0000-00-00', '', '', '', '', '', 0, 1, 0, 949),
(950, 15, 'Quiz # 950', '0000-00-00', '', '', '', '', '', 0, 1, 0, 950),
(951, 15, 'Quiz # 951', '0000-00-00', '', '', '', '', '', 0, 1, 0, 951),
(952, 15, 'Quiz # 952', '0000-00-00', '', '', '', '', '', 0, 1, 0, 952),
(953, 15, 'Quiz # 953', '0000-00-00', '', '', '', '', '', 0, 1, 0, 953),
(954, 15, 'Quiz # 954', '0000-00-00', '', '', '', '', '', 0, 1, 0, 954),
(955, 15, 'Quiz # 955', '0000-00-00', '', '', '', '', '', 0, 1, 0, 955),
(956, 15, 'Quiz # 956', '0000-00-00', '', '', '', '', '', 0, 1, 0, 956),
(957, 15, 'Quiz # 957', '0000-00-00', '', '', '', '', '', 0, 1, 0, 957),
(958, 15, 'Quiz # 958', '0000-00-00', '', '', '', '', '', 0, 1, 0, 958),
(959, 15, 'Quiz # 959', '0000-00-00', '', '', '', '', '', 0, 1, 0, 959),
(960, 15, 'Quiz # 960', '0000-00-00', '', '', '', '', '', 0, 1, 0, 960),
(961, 15, 'Quiz # 961', '0000-00-00', '', '', '', '', '', 0, 1, 0, 961),
(962, 15, 'Quiz # 962', '0000-00-00', '', '', '', '', '', 0, 1, 0, 962),
(963, 15, 'Quiz # 963', '0000-00-00', '', '', '', '', '', 0, 1, 0, 963),
(964, 15, 'Quiz # 964', '0000-00-00', '', '', '', '', '', 0, 1, 0, 964),
(965, 15, 'Quiz # 965', '0000-00-00', '', '', '', '', '', 0, 1, 0, 965),
(966, 15, 'Quiz # 966', '0000-00-00', '', '', '', '', '', 0, 1, 0, 966),
(967, 15, 'Quiz # 967', '0000-00-00', '', '', '', '', '', 0, 1, 0, 967),
(968, 15, 'Quiz # 968', '0000-00-00', '', '', '', '', '', 0, 1, 0, 968),
(969, 15, 'Quiz # 969', '0000-00-00', '', '', '', '', '', 0, 1, 0, 969),
(970, 15, 'Quiz # 970', '0000-00-00', '', '', '', '', '', 0, 1, 0, 970),
(971, 15, 'Quiz # 971', '0000-00-00', '', '', '', '', '', 0, 1, 0, 971),
(972, 15, 'Quiz # 972', '0000-00-00', '', '', '', '', '', 0, 1, 0, 972),
(973, 15, 'Quiz # 973', '0000-00-00', '', '', '', '', '', 0, 1, 0, 973),
(974, 15, 'Quiz # 974', '0000-00-00', '', '', '', '', '', 0, 1, 0, 974),
(975, 15, 'Quiz # 975', '0000-00-00', '', '', '', '', '', 0, 1, 0, 975),
(976, 15, 'Quiz # 976', '0000-00-00', '', '', '', '', '', 0, 1, 0, 976),
(977, 15, 'Quiz # 977', '0000-00-00', '', '', '', '', '', 0, 1, 0, 977),
(978, 15, 'Quiz # 978', '0000-00-00', '', '', '', '', '', 0, 1, 0, 978),
(979, 15, 'Quiz # 979', '0000-00-00', '', '', '', '', '', 0, 1, 0, 979),
(980, 15, 'Quiz # 980', '0000-00-00', '', '', '', '', '', 0, 1, 0, 980),
(981, 15, 'Quiz # 981', '0000-00-00', '', '', '', '', '', 0, 1, 0, 981),
(982, 15, 'Quiz # 982', '0000-00-00', '', '', '', '', '', 0, 1, 0, 982),
(983, 15, 'Quiz # 983', '0000-00-00', '', '', '', '', '', 0, 1, 0, 983),
(984, 15, 'Quiz # 984', '0000-00-00', '', '', '', '', '', 0, 1, 0, 984),
(985, 15, 'Quiz # 985', '0000-00-00', '', '', '', '', '', 0, 1, 0, 985),
(986, 15, 'Quiz # 986', '0000-00-00', '', '', '', '', '', 0, 1, 0, 986),
(987, 15, 'Quiz # 987', '0000-00-00', '', '', '', '', '', 0, 1, 0, 987),
(988, 15, 'Quiz # 988', '0000-00-00', '', '', '', '', '', 0, 1, 0, 988),
(989, 15, 'Quiz # 989', '0000-00-00', '', '', '', '', '', 0, 1, 0, 989),
(990, 15, 'Quiz # 990', '0000-00-00', '', '', '', '', '', 0, 1, 0, 990),
(991, 15, 'Quiz # 991', '0000-00-00', '', '', '', '', '', 0, 1, 0, 991),
(992, 15, 'Quiz # 992', '0000-00-00', '', '', '', '', '', 0, 1, 0, 992),
(993, 15, 'Quiz # 993', '0000-00-00', '', '', '', '', '', 0, 1, 0, 993),
(994, 15, 'Quiz # 994', '0000-00-00', '', '', '', '', '', 0, 1, 0, 994),
(995, 15, 'Quiz # 995', '0000-00-00', '', '', '', '', '', 0, 1, 0, 995),
(996, 15, 'Quiz # 996', '0000-00-00', '', '', '', '', '', 0, 1, 0, 996),
(997, 15, 'Quiz # 997', '0000-00-00', '', '', '', '', '', 0, 1, 0, 997),
(998, 15, 'Quiz # 998', '0000-00-00', '', '', '', '', '', 0, 1, 0, 998),
(999, 15, 'Quiz # 999', '0000-00-00', '', '', '', '', '', 0, 1, 0, 999),
(1000, 15, 'Quiz # 1000', '0000-00-00', '', '', '', '', '', 0, 1, 0, 1000),
(1001, 15, 'Quiz # 1001', '0000-00-00', '', '', '', '', '', 0, 1, 0, 1001),
(1002, 15, 'Quiz # 1002', '0000-00-00', '', '', '', '', '', 0, 1, 0, 1002),
(1003, 15, 'Quiz # 1003', '0000-00-00', '', '', '', '', '', 0, 1, 0, 1003),
(1004, 15, 'Quiz # 1004', '0000-00-00', '', '', '', '', '', 0, 1, 0, 1004),
(1005, 15, 'Quiz # 1005', '0000-00-00', '', '', '', '', '', 0, 1, 0, 1005),
(1006, 15, 'Quiz # 1006', '0000-00-00', '', '', '', '', '', 0, 1, 0, 1006),
(1007, 15, 'Quiz # 1007', '0000-00-00', '', '', '', '', '', 0, 1, 0, 1007),
(1008, 15, 'Quiz # 1008', '0000-00-00', '', '', '', '', '', 0, 1, 0, 1008),
(1009, 15, 'Quiz # 1009', '0000-00-00', '', '', '', '', '', 0, 1, 0, 1009),
(1010, 15, 'Quiz # 1010', '0000-00-00', '', '', '', '', '', 0, 1, 0, 1010),
(1011, 15, 'Quiz # 1011', '0000-00-00', '', '', '', '', '', 0, 1, 0, 1011),
(1012, 15, 'Quiz # 1012', '0000-00-00', '', '', '', '', '', 0, 1, 0, 1012),
(1013, 15, 'Quiz # 1013', '0000-00-00', '', '', '', '', '', 0, 1, 0, 1013),
(1014, 15, 'Quiz # 1014', '0000-00-00', '', '', '', '', '', 0, 1, 0, 1014),
(1015, 15, 'Quiz # 1015', '0000-00-00', '', '', '', '', '', 0, 1, 0, 1015),
(1016, 15, 'Quiz # 1016', '0000-00-00', '', '', '', '', '', 0, 1, 0, 1016),
(1017, 15, 'Quiz # 1017', '0000-00-00', '', '', '', '', '', 0, 1, 0, 1017),
(1018, 15, 'Quiz # 1018', '0000-00-00', '', '', '', '', '', 0, 1, 0, 1018),
(1019, 15, 'Quiz # 1019', '0000-00-00', '', '', '', '', '', 0, 1, 0, 1019),
(1020, 15, 'Quiz # 1020', '0000-00-00', '', '', '', '', '', 0, 1, 0, 1020),
(1021, 15, 'Quiz # 1021', '0000-00-00', '', '', '', '', '', 0, 1, 0, 1021),
(1022, 15, 'Quiz # 1022', '0000-00-00', '', '', '', '', '', 0, 1, 0, 1022),
(1023, 15, 'Quiz # 1023', '0000-00-00', '', '', '', '', '', 0, 1, 0, 1023),
(1024, 15, 'Quiz # 1024', '0000-00-00', '', '', '', '', '', 0, 1, 0, 1024),
(1025, 15, 'Quiz # 1025', '0000-00-00', '', '', '', '', '', 0, 1, 0, 1025),
(1026, 15, 'Quiz # 1026', '0000-00-00', '', '', '', '', '', 0, 1, 0, 1026),
(1027, 15, 'Quiz # 1027', '0000-00-00', '', '', '', '', '', 0, 1, 0, 1027),
(1028, 15, 'Quiz # 1028', '0000-00-00', '', '', '', '', '', 0, 1, 0, 1028),
(1029, 15, 'Quiz # 1029', '0000-00-00', '', '', '', '', '', 0, 1, 0, 1029),
(1030, 15, 'Quiz # 1030', '0000-00-00', '', '', '', '', '', 0, 1, 0, 1030),
(1031, 15, 'Quiz # 1031', '0000-00-00', '', '', '', '', '', 0, 1, 0, 1031),
(1032, 15, 'Quiz # 1032', '0000-00-00', '', '', '', '', '', 0, 1, 0, 1032),
(1033, 15, 'Quiz # 1033', '0000-00-00', '', '', '', '', '', 0, 1, 0, 1033),
(1034, 15, 'Quiz # 1034', '0000-00-00', '', '', '', '', '', 0, 1, 0, 1034),
(1035, 15, 'Quiz # 1035', '0000-00-00', '', '', '', '', '', 0, 1, 0, 1035),
(1036, 15, 'Quiz # 1036', '0000-00-00', '', '', '', '', '', 0, 1, 0, 1036),
(1037, 15, 'Quiz # 1037', '0000-00-00', '', '', '', '', '', 0, 1, 0, 1037),
(1038, 15, 'Quiz # 1038', '0000-00-00', '', '', '', '', '', 0, 1, 0, 1038),
(1039, 15, 'Quiz # 1039', '0000-00-00', '', '', '', '', '', 0, 1, 0, 1039),
(1040, 15, 'Quiz # 1040', '0000-00-00', '', '', '', '', '', 0, 1, 0, 1040),
(1041, 15, 'Quiz # 1041', '0000-00-00', '', '', '', '', '', 0, 1, 0, 1041),
(1042, 15, 'Quiz # 1042', '0000-00-00', '', '', '', '', '', 0, 1, 0, 1042),
(1043, 15, 'Quiz # 1043', '0000-00-00', '', '', '', '', '', 0, 1, 0, 1043),
(1044, 15, 'Quiz # 1044', '0000-00-00', '', '', '', '', '', 0, 1, 0, 1044),
(1045, 15, 'Quiz # 1045', '0000-00-00', '', '', '', '', '', 0, 1, 0, 1045),
(1046, 15, 'Quiz # 1046', '0000-00-00', '', '', '', '', '', 0, 1, 0, 1046),
(1047, 15, 'Quiz # 1047', '0000-00-00', '', '', '', '', '', 0, 1, 0, 1047),
(1048, 15, 'Quiz # 1048', '0000-00-00', '', '', '', '', '', 0, 1, 0, 1048),
(1049, 15, 'Quiz # 1049', '0000-00-00', '', '', '', '', '', 0, 1, 0, 1049),
(1050, 15, 'Quiz # 1050', '0000-00-00', '', '', '', '', '', 0, 1, 0, 1050),
(1051, 15, 'Quiz # 1051', '0000-00-00', '', '', '', '', '', 0, 1, 0, 1051),
(1052, 15, 'Quiz # 1052', '0000-00-00', '', '', '', '', '', 0, 1, 0, 1052),
(1053, 15, 'Quiz # 1053', '0000-00-00', '', '', '', '', '', 0, 1, 0, 1053),
(1054, 15, 'Quiz # 1054', '0000-00-00', '', '', '', '', '', 0, 1, 0, 1054),
(1055, 15, 'Quiz # 1055', '0000-00-00', '', '', '', '', '', 0, 1, 0, 1055),
(1056, 15, 'Quiz # 1056', '0000-00-00', '', '', '', '', '', 0, 1, 0, 1056),
(1057, 15, 'Quiz # 1057', '0000-00-00', '', '', '', '', '', 0, 1, 0, 1057),
(1058, 15, 'Quiz # 1058', '0000-00-00', '', '', '', '', '', 0, 1, 0, 1058),
(1059, 15, 'Quiz # 1059', '0000-00-00', '', '', '', '', '', 0, 1, 0, 1059),
(1060, 15, 'Quiz # 1060', '0000-00-00', '', '', '', '', '', 0, 1, 0, 1060),
(1061, 15, 'Quiz # 1061', '0000-00-00', '', '', '', '', '', 0, 1, 0, 1061),
(1062, 15, 'Quiz # 1062', '0000-00-00', '', '', '', '', '', 0, 1, 0, 1062),
(1063, 15, 'Quiz # 1063', '0000-00-00', '', '', '', '', '', 0, 1, 0, 1063),
(1064, 15, 'Quiz # 1064', '0000-00-00', '', '', '', '', '', 0, 1, 0, 1064),
(1065, 15, 'Quiz # 1065', '0000-00-00', '', '', '', '', '', 0, 1, 0, 1065),
(1066, 15, 'Quiz # 1066', '0000-00-00', '', '', '', '', '', 0, 1, 0, 1066),
(1067, 15, 'Quiz # 1067', '0000-00-00', '', '', '', '', '', 0, 1, 0, 1067),
(1068, 15, 'Quiz # 1068', '0000-00-00', '', '', '', '', '', 0, 1, 0, 1068),
(1069, 15, 'Quiz # 1069', '0000-00-00', '', '', '', '', '', 0, 1, 0, 1069),
(1070, 15, 'Quiz # 1070', '0000-00-00', '', '', '', '', '', 0, 1, 0, 1070),
(1071, 15, 'Quiz # 1071', '0000-00-00', '', '', '', '', '', 0, 1, 0, 1071),
(1072, 15, 'Quiz # 1072', '0000-00-00', '', '', '', '', '', 0, 1, 0, 1072),
(1073, 15, 'Quiz # 1073', '0000-00-00', '', '', '', '', '', 0, 1, 0, 1073),
(1074, 15, 'Quiz # 1074', '0000-00-00', '', '', '', '', '', 0, 1, 0, 1074),
(1075, 15, 'Quiz # 1075', '0000-00-00', '', '', '', '', '', 0, 1, 0, 1075),
(1076, 15, 'Quiz # 1076', '0000-00-00', '', '', '', '', '', 0, 1, 0, 1076),
(1077, 15, 'Quiz # 1077', '0000-00-00', '', '', '', '', '', 0, 1, 0, 1077),
(1078, 15, 'Quiz # 1078', '0000-00-00', '', '', '', '', '', 0, 1, 0, 1078),
(1079, 15, 'Quiz # 1079', '0000-00-00', '', '', '', '', '', 0, 1, 0, 1079),
(1080, 15, 'Quiz # 1080', '0000-00-00', '', '', '', '', '', 0, 1, 0, 1080),
(1081, 15, 'Quiz # 1081', '0000-00-00', '', '', '', '', '', 0, 1, 0, 1081),
(1082, 15, 'Quiz # 1082', '0000-00-00', '', '', '', '', '', 0, 1, 0, 1082),
(1083, 15, 'Quiz # 1083', '0000-00-00', '', '', '', '', '', 0, 1, 0, 1083),
(1084, 15, 'Quiz # 1084', '0000-00-00', '', '', '', '', '', 0, 1, 0, 1084),
(1085, 15, 'Quiz # 1085', '0000-00-00', '', '', '', '', '', 0, 1, 0, 1085),
(1086, 15, 'Quiz # 1086', '0000-00-00', '', '', '', '', '', 0, 1, 0, 1086),
(1087, 15, 'Quiz # 1087', '0000-00-00', '', '', '', '', '', 0, 1, 0, 1087),
(1088, 15, 'Quiz # 1088', '0000-00-00', '', '', '', '', '', 0, 1, 0, 1088),
(1089, 15, 'Quiz # 1089', '0000-00-00', '', '', '', '', '', 0, 1, 0, 1089),
(1090, 15, 'Quiz # 1090', '0000-00-00', '', '', '', '', '', 0, 1, 0, 1090),
(1091, 15, 'Quiz # 1091', '0000-00-00', '', '', '', '', '', 0, 1, 0, 1091),
(1092, 15, 'Quiz # 1092', '0000-00-00', '', '', '', '', '', 0, 1, 0, 1092),
(1093, 15, 'Quiz # 1093', '0000-00-00', '', '', '', '', '', 0, 1, 0, 1093),
(1094, 15, 'Quiz # 1094', '0000-00-00', '', '', '', '', '', 0, 1, 0, 1094),
(1095, 15, 'Quiz # 1095', '0000-00-00', '', '', '', '', '', 0, 1, 0, 1095),
(1096, 15, 'Quiz # 1096', '0000-00-00', '', '', '', '', '', 0, 1, 0, 1096),
(1097, 15, 'Quiz # 1097', '0000-00-00', '', '', '', '', '', 0, 1, 0, 1097),
(1098, 15, 'Quiz # 1098', '0000-00-00', '', '', '', '', '', 0, 1, 0, 1098),
(1099, 15, 'Quiz # 1099', '0000-00-00', '', '', '', '', '', 0, 1, 0, 1099),
(1100, 15, 'Quiz # 1100', '0000-00-00', '', '', '', '', '', 0, 1, 0, 1100),
(1101, 15, 'Quiz # 1101', '0000-00-00', '', '', '', '', '', 0, 1, 0, 1101),
(1102, 15, 'Quiz # 1102', '0000-00-00', '', '', '', '', '', 0, 1, 0, 1102),
(1103, 15, 'Quiz # 1103', '0000-00-00', '', '', '', '', '', 0, 1, 0, 1103),
(1104, 15, 'Quiz # 1104', '0000-00-00', '', '', '', '', '', 0, 1, 0, 1104),
(1105, 15, 'Quiz # 1105', '0000-00-00', '', '', '', '', '', 0, 1, 0, 1105),
(1106, 15, 'Quiz # 1106', '0000-00-00', '', '', '', '', '', 0, 1, 0, 1106),
(1107, 15, 'Quiz # 1107', '0000-00-00', '', '', '', '', '', 0, 1, 0, 1107),
(1108, 15, 'Quiz # 1108', '0000-00-00', '', '', '', '', '', 0, 1, 0, 1108),
(1109, 15, 'Quiz # 1109', '0000-00-00', '', '', '', '', '', 0, 1, 0, 1109),
(1110, 15, 'Quiz # 1110', '0000-00-00', '', '', '', '', '', 0, 1, 0, 1110),
(1111, 15, 'Quiz # 1111', '0000-00-00', '', '', '', '', '', 0, 1, 0, 1111),
(1112, 15, 'Quiz # 1112', '0000-00-00', '', '', '', '', '', 0, 1, 0, 1112),
(1113, 15, 'Quiz # 1113', '0000-00-00', '', '', '', '', '', 0, 1, 0, 1113),
(1114, 15, 'Quiz # 1114', '0000-00-00', '', '', '', '', '', 0, 1, 0, 1114),
(1115, 15, 'Quiz # 1115', '0000-00-00', '', '', '', '', '', 0, 1, 0, 1115),
(1116, 15, 'Quiz # 1116', '0000-00-00', '', '', '', '', '', 0, 1, 0, 1116),
(1117, 15, 'Quiz # 1117', '0000-00-00', '', '', '', '', '', 0, 1, 0, 1117),
(1118, 15, 'Quiz # 1118', '0000-00-00', '', '', '', '', '', 0, 1, 0, 1118),
(1119, 15, 'Quiz # 1119', '0000-00-00', '', '', '', '', '', 0, 1, 0, 1119),
(1120, 15, 'Quiz # 1120', '0000-00-00', '', '', '', '', '', 0, 1, 0, 1120),
(1121, 15, 'Quiz # 1121', '0000-00-00', '', '', '', '', '', 0, 1, 0, 1121),
(1122, 15, 'Quiz # 1122', '0000-00-00', '', '', '', '', '', 0, 1, 0, 1122),
(1123, 15, 'Quiz # 1123', '0000-00-00', '', '', '', '', '', 0, 1, 0, 1123),
(1124, 15, 'Quiz # 1124', '0000-00-00', '', '', '', '', '', 0, 1, 0, 1124),
(1125, 15, 'Quiz # 1125', '0000-00-00', '', '', '', '', '', 0, 1, 0, 1125),
(1126, 15, 'Quiz # 1126', '0000-00-00', '', '', '', '', '', 0, 1, 0, 1126),
(1127, 15, 'Quiz # 1127', '0000-00-00', '', '', '', '', '', 0, 1, 0, 1127),
(1128, 15, 'Quiz # 1128', '0000-00-00', '', '', '', '', '', 0, 1, 0, 1128),
(1129, 15, 'Quiz # 1129', '0000-00-00', '', '', '', '', '', 0, 1, 0, 1129),
(1130, 15, 'Quiz # 1130', '0000-00-00', '', '', '', '', '', 0, 1, 0, 1130),
(1131, 15, 'Quiz # 1131', '0000-00-00', '', '', '', '', '', 0, 1, 0, 1131),
(1132, 15, 'Quiz # 1132', '0000-00-00', '', '', '', '', '', 0, 1, 0, 1132),
(1133, 15, 'Quiz # 1133', '0000-00-00', '', '', '', '', '', 0, 1, 0, 1133),
(1134, 15, 'Quiz # 1134', '0000-00-00', '', '', '', '', '', 0, 1, 0, 1134),
(1135, 15, 'Quiz # 1135', '0000-00-00', '', '', '', '', '', 0, 1, 0, 1135),
(1136, 15, 'Quiz # 1136', '0000-00-00', '', '', '', '', '', 0, 1, 0, 1136),
(1137, 15, 'Quiz # 1137', '0000-00-00', '', '', '', '', '', 0, 1, 0, 1137),
(1138, 15, 'Quiz # 1138', '0000-00-00', '', '', '', '', '', 0, 1, 0, 1138),
(1139, 15, 'Quiz # 1139', '0000-00-00', '', '', '', '', '', 0, 1, 0, 1139),
(1140, 15, 'Quiz # 1140', '0000-00-00', '', '', '', '', '', 0, 1, 0, 1140),
(1141, 15, 'Quiz # 1141', '0000-00-00', '', '', '', '', '', 0, 1, 0, 1141),
(1142, 15, 'Quiz # 1142', '0000-00-00', '', '', '', '', '', 0, 1, 0, 1142),
(1143, 15, 'Quiz # 1143', '0000-00-00', '', '', '', '', '', 0, 1, 0, 1143),
(1144, 15, 'Quiz # 1144', '0000-00-00', '', '', '', '', '', 0, 1, 0, 1144),
(1145, 15, 'Quiz # 1145', '0000-00-00', '', '', '', '', '', 0, 1, 0, 1145),
(1146, 15, 'Quiz # 1146', '0000-00-00', '', '', '', '', '', 0, 1, 0, 1146),
(1147, 15, 'Quiz # 1147', '0000-00-00', '', '', '', '', '', 0, 1, 0, 1147),
(1148, 15, 'Quiz # 1148', '0000-00-00', '', '', '', '', '', 0, 1, 0, 1148),
(1149, 15, 'Quiz # 1149', '0000-00-00', '', '', '', '', '', 0, 1, 0, 1149),
(1150, 15, 'Quiz # 1150', '0000-00-00', '', '', '', '', '', 0, 1, 0, 1150),
(1151, 15, 'Quiz # 1151', '0000-00-00', '', '', '', '', '', 0, 1, 0, 1151),
(1152, 15, 'Quiz # 1152', NULL, NULL, NULL, NULL, NULL, NULL, NULL, 1, NULL, 1152);

-- --------------------------------------------------------

--
-- Table structure for table `tbl_ready_quiz_item`
--

CREATE TABLE IF NOT EXISTS `tbl_ready_quiz_item` (
  `ready_quiz_item_id` int(11) NOT NULL AUTO_INCREMENT,
  `ready_quiz_item_question` varchar(250) NOT NULL,
  `ready_quiz_item_a` varchar(250) NOT NULL,
  `ready_quiz_item_b` varchar(250) NOT NULL,
  `ready_quiz_item_c` varchar(250) NOT NULL,
  `ready_quiz_item_d` varchar(250) NOT NULL,
  `ready_quiz_item_correct_answer` varchar(250) NOT NULL,
  `ready_quiz_id` int(11) NOT NULL,
  `ready_quiz_item_timer` int(11) NOT NULL,
  PRIMARY KEY (`ready_quiz_item_id`),
  KEY `FK_tbl_ready_quiz_item_from_tbl_ready_quiz` (`ready_quiz_item_timer`),
  KEY `FK_tbl_ready_quiz_item_from_tbl_ready_quiz_2` (`ready_quiz_id`)
) ENGINE=InnoDB  DEFAULT CHARSET=latin1 AUTO_INCREMENT=89 ;

--
-- Dumping data for table `tbl_ready_quiz_item`
--

INSERT INTO `tbl_ready_quiz_item` (`ready_quiz_item_id`, `ready_quiz_item_question`, `ready_quiz_item_a`, `ready_quiz_item_b`, `ready_quiz_item_c`, `ready_quiz_item_d`, `ready_quiz_item_correct_answer`, `ready_quiz_id`, `ready_quiz_item_timer`) VALUES
(86, 'Question1', 'choice1', 'choice2', 'choice3', 'choice4', 'choice1', 1, 15),
(87, 'Question2', 'Choice1', 'Choice2', 'Choice3', 'Choice4', 'Choice2', 1, 15),
(88, 'test qwetions', 'test a', 'test b', 'test c', 'test d', 'test a', 1, 15);

-- --------------------------------------------------------

--
-- Table structure for table `tbl_school_year`
--

CREATE TABLE IF NOT EXISTS `tbl_school_year` (
  `sy_id` int(11) NOT NULL AUTO_INCREMENT,
  `sy_start` year(4) NOT NULL COMMENT '(not sure)',
  `sy_end` year(4) NOT NULL COMMENT '(not sure)',
  PRIMARY KEY (`sy_id`)
) ENGINE=InnoDB  DEFAULT CHARSET=latin1 AUTO_INCREMENT=2 ;

--
-- Dumping data for table `tbl_school_year`
--

INSERT INTO `tbl_school_year` (`sy_id`, `sy_start`, `sy_end`) VALUES
(1, 2014, 2015);

-- --------------------------------------------------------

--
-- Table structure for table `tbl_section`
--

CREATE TABLE IF NOT EXISTS `tbl_section` (
  `section_id` int(11) NOT NULL AUTO_INCREMENT,
  `section_name` varchar(250) NOT NULL,
  PRIMARY KEY (`section_id`)
) ENGINE=InnoDB  DEFAULT CHARSET=latin1 AUTO_INCREMENT=6 ;

--
-- Dumping data for table `tbl_section`
--

INSERT INTO `tbl_section` (`section_id`, `section_name`) VALUES
(1, 'A'),
(2, 'B'),
(3, 'C'),
(4, 'D'),
(5, 'E');

-- --------------------------------------------------------

--
-- Table structure for table `tbl_student`
--

CREATE TABLE IF NOT EXISTS `tbl_student` (
  `stud_id` int(11) NOT NULL AUTO_INCREMENT,
  `stud_fname` varchar(250) NOT NULL,
  `stud_lname` varchar(250) NOT NULL,
  `stud_mname` varchar(250) NOT NULL,
  `stud_gender` varchar(250) NOT NULL,
  `stud_bday` date NOT NULL,
  `sec_id` int(11) NOT NULL,
  `sy_id` int(11) NOT NULL,
  `acct_id` int(11) NOT NULL,
  PRIMARY KEY (`stud_id`),
  KEY `FK_tbl_student_from_tbl_account` (`acct_id`),
  KEY `FK_tbl_student_from_tbl_school_year` (`sy_id`),
  KEY `FK_tbl_student_from_tbl_section` (`sec_id`)
) ENGINE=InnoDB  DEFAULT CHARSET=latin1 AUTO_INCREMENT=9 ;

--
-- Dumping data for table `tbl_student`
--

INSERT INTO `tbl_student` (`stud_id`, `stud_fname`, `stud_lname`, `stud_mname`, `stud_gender`, `stud_bday`, `sec_id`, `sy_id`, `acct_id`) VALUES
(4, 'Marvin', 'Payabyab', 'Middle', 'Male', '1994-11-30', 1, 1, 14),
(5, 'rojan', 'timbas', 'tagal', 'Male', '1964-05-17', 1, 1, 19),
(8, 'Auriel', 'Gimeno', 'Crook', 'Male', '1992-11-11', 1, 1, 22);

-- --------------------------------------------------------

--
-- Table structure for table `tbl_student_answer`
--

CREATE TABLE IF NOT EXISTS `tbl_student_answer` (
  `stud_answer_id` int(11) NOT NULL AUTO_INCREMENT,
  `stud_answer_letter` varchar(1) NOT NULL,
  `stud_id` int(11) NOT NULL,
  `ready_quiz_item_id` int(11) NOT NULL,
  PRIMARY KEY (`stud_answer_id`),
  KEY `FK_tbl_student_answer_from_tbl_ready_quiz_item` (`ready_quiz_item_id`),
  KEY `FK_tbl_student_answer_from_tbl_student` (`stud_id`)
) ENGINE=InnoDB DEFAULT CHARSET=latin1 AUTO_INCREMENT=1 ;

-- --------------------------------------------------------

--
-- Table structure for table `tbl_student_quiz_result`
--

CREATE TABLE IF NOT EXISTS `tbl_student_quiz_result` (
  `stud_quiz_res_id` int(11) NOT NULL AUTO_INCREMENT,
  `stud_quiz_res_date_taken` datetime NOT NULL COMMENT 'Date student take the exam',
  `stud_quiz_res_attempt_no` int(11) DEFAULT NULL COMMENT 'shows how many times the student take the quiz',
  `stud_quiz_result_no_of_items` int(11) NOT NULL,
  `stud_quiz_res_correct` int(11) NOT NULL,
  `stud_quiz_res_wrong` int(11) NOT NULL,
  `quiz_result_status_id` int(11) NOT NULL COMMENT 'FK(Quiz result status either passed,failed,not taken,not finish etc)',
  `stud_id` int(11) NOT NULL,
  `lesson_id` int(11) NOT NULL,
  PRIMARY KEY (`stud_quiz_res_id`),
  KEY `FK_tbl_student_quiz_result_from_tbl_student` (`stud_id`),
  KEY `FK_tbl_student_quiz_result_from_tbl_lesson_id` (`lesson_id`),
  KEY `FK_tbl_student_quiz_result_from_tbl_quiz_result_status` (`quiz_result_status_id`)
) ENGINE=InnoDB  DEFAULT CHARSET=latin1 AUTO_INCREMENT=29 ;

--
-- Dumping data for table `tbl_student_quiz_result`
--

INSERT INTO `tbl_student_quiz_result` (`stud_quiz_res_id`, `stud_quiz_res_date_taken`, `stud_quiz_res_attempt_no`, `stud_quiz_result_no_of_items`, `stud_quiz_res_correct`, `stud_quiz_res_wrong`, `quiz_result_status_id`, `stud_id`, `lesson_id`) VALUES
(24, '2014-09-28 12:48:45', 0, 2, 1, 1, 2, 4, 1),
(25, '2014-09-28 12:49:21', 0, 2, 2, 0, 1, 4, 1),
(26, '2014-09-28 19:26:33', 0, 2, 2, 0, 1, 4, 1),
(27, '2014-09-29 12:20:51', 0, 3, 1, 2, 2, 8, 1),
(28, '2014-09-29 12:50:52', 0, 3, 0, 3, 2, 8, 1);

-- --------------------------------------------------------

--
-- Table structure for table `tbl_subject`
--

CREATE TABLE IF NOT EXISTS `tbl_subject` (
  `subj_id` int(11) NOT NULL AUTO_INCREMENT,
  `subj_name` varchar(250) NOT NULL,
  PRIMARY KEY (`subj_id`)
) ENGINE=InnoDB  DEFAULT CHARSET=latin1 AUTO_INCREMENT=7 ;

--
-- Dumping data for table `tbl_subject`
--

INSERT INTO `tbl_subject` (`subj_id`, `subj_name`) VALUES
(1, 'English'),
(2, 'Mathematics'),
(3, 'Science'),
(4, 'Filipino'),
(5, 'Araling Panlipunan'),
(6, 'TLE');

-- --------------------------------------------------------

--
-- Table structure for table `tbl_subject_coordinator`
--

CREATE TABLE IF NOT EXISTS `tbl_subject_coordinator` (
  `subj_co_id` int(11) NOT NULL AUTO_INCREMENT,
  `subj_co_fname` varchar(250) NOT NULL,
  `subj_co_lname` varchar(250) NOT NULL,
  `subj_co_mname` varchar(250) NOT NULL,
  `subj_co_gender` varchar(250) NOT NULL,
  `subj_co_bday` date NOT NULL,
  `subj_id` int(11) NOT NULL,
  `acct_id` int(11) NOT NULL,
  PRIMARY KEY (`subj_co_id`),
  KEY `FK_tbl_subject_coordinator_from_tbl_account` (`acct_id`),
  KEY `FK_tbl_subject_coordinator_from_tbl_subject` (`subj_id`)
) ENGINE=InnoDB  DEFAULT CHARSET=latin1 AUTO_INCREMENT=5 ;

--
-- Dumping data for table `tbl_subject_coordinator`
--

INSERT INTO `tbl_subject_coordinator` (`subj_co_id`, `subj_co_fname`, `subj_co_lname`, `subj_co_mname`, `subj_co_gender`, `subj_co_bday`, `subj_id`, `acct_id`) VALUES
(3, 'test-add-fname', 'test-add-lname', 'test-add-mname', 'Female', '1976-12-19', 1, 18),
(4, 'Test-sub-cof', 'Test-sub-col', 'Test-sub-con', 'Male', '1960-04-01', 6, 23);

-- --------------------------------------------------------

--
-- Stand-in structure for view `tbl_view_acc_coordinator`
--
CREATE TABLE IF NOT EXISTS `tbl_view_acc_coordinator` (
`acct_id` int(11)
,`acct_username` varchar(250)
,`acct_password` varchar(250)
,`acct_type_name` varchar(250)
,`subj_co_id` int(11)
,`subj_co_fname` varchar(250)
,`subj_co_lname` varchar(250)
,`subj_co_mname` varchar(250)
,`subj_co_gender` varchar(250)
,`subj_co_bday` date
,`subJ_id` int(11)
,`subj_name` varchar(250)
);
-- --------------------------------------------------------

--
-- Stand-in structure for view `tbl_view_acc_staff`
--
CREATE TABLE IF NOT EXISTS `tbl_view_acc_staff` (
`acct_id` int(11)
,`acct_username` varchar(250)
,`acct_password` varchar(250)
,`acct_type_name` varchar(250)
,`it_id` int(11)
,`it_fname` varchar(250)
,`it_lname` varchar(250)
,`it_mname` varchar(250)
,`it_gender` varchar(250)
,`it_bday` date
);
-- --------------------------------------------------------

--
-- Stand-in structure for view `tbl_view_acc_student`
--
CREATE TABLE IF NOT EXISTS `tbl_view_acc_student` (
`acct_id` int(11)
,`acct_username` varchar(250)
,`acct_password` varchar(250)
,`acct_type_name` varchar(250)
,`stud_id` int(11)
,`stud_fname` varchar(250)
,`stud_lname` varchar(250)
,`stud_mname` varchar(250)
,`stud_gender` varchar(250)
,`stud_bday` date
,`sec_id` int(11)
,`section_name` varchar(250)
,`sy_id` int(11)
,`sy_start` year(4)
,`sy_end` year(4)
);
-- --------------------------------------------------------

--
-- Stand-in structure for view `tbl_view_student_quiz_report_individual`
--
CREATE TABLE IF NOT EXISTS `tbl_view_student_quiz_report_individual` (
`stud_id` int(11)
,`stud_fname` varchar(250)
,`stud_lname` varchar(250)
,`stud_mname` varchar(250)
,`stud_gender` varchar(250)
,`stud_bday` date
,`sec_id` int(11)
,`sy_id` int(11)
,`acct_id` int(11)
,`section_name` varchar(250)
,`sy_start` year(4)
,`sy_end` year(4)
,`stud_quiz_res_date_taken` datetime
,`stud_quiz_result_no_of_items` int(11)
,`stud_quiz_res_correct` int(11)
,`stud_quiz_res_wrong` int(11)
,`quiz_result_status_id` int(11)
,`quiz_result_status_name` varchar(250)
,`level_id` int(11)
,`level_name` varchar(250)
,`subj_id` int(11)
,`subj_name` varchar(250)
,`month_quarterd_date_start` date
,`month_quarterd_date_end` date
,`month_name` varchar(250)
);
-- --------------------------------------------------------

--
-- Structure for view `tbl_view_acc_coordinator`
--
DROP TABLE IF EXISTS `tbl_view_acc_coordinator`;

CREATE ALGORITHM=UNDEFINED DEFINER=`root`@`localhost` SQL SECURITY DEFINER VIEW `tbl_view_acc_coordinator` AS select `tbl_account`.`acct_id` AS `acct_id`,`tbl_account`.`acct_username` AS `acct_username`,`tbl_account`.`acct_password` AS `acct_password`,`tbl_account`.`acct_type_name` AS `acct_type_name`,`tbl_subject_coordinator`.`subj_co_id` AS `subj_co_id`,`tbl_subject_coordinator`.`subj_co_fname` AS `subj_co_fname`,`tbl_subject_coordinator`.`subj_co_lname` AS `subj_co_lname`,`tbl_subject_coordinator`.`subj_co_mname` AS `subj_co_mname`,`tbl_subject_coordinator`.`subj_co_gender` AS `subj_co_gender`,`tbl_subject_coordinator`.`subj_co_bday` AS `subj_co_bday`,`tbl_subject_coordinator`.`subj_id` AS `subJ_id`,`tbl_subject`.`subj_name` AS `subj_name` from ((`tbl_account` join `tbl_subject_coordinator` on((`tbl_account`.`acct_id` = `tbl_subject_coordinator`.`acct_id`))) join `tbl_subject` on((`tbl_subject_coordinator`.`subj_id` = `tbl_subject`.`subj_id`)));

-- --------------------------------------------------------

--
-- Structure for view `tbl_view_acc_staff`
--
DROP TABLE IF EXISTS `tbl_view_acc_staff`;

CREATE ALGORITHM=MERGE DEFINER=`root`@`localhost` SQL SECURITY DEFINER VIEW `tbl_view_acc_staff` AS select `tbl_account`.`acct_id` AS `acct_id`,`tbl_account`.`acct_username` AS `acct_username`,`tbl_account`.`acct_password` AS `acct_password`,`tbl_account`.`acct_type_name` AS `acct_type_name`,`tbl_it_staff`.`it_id` AS `it_id`,`tbl_it_staff`.`it_fname` AS `it_fname`,`tbl_it_staff`.`it_lname` AS `it_lname`,`tbl_it_staff`.`it_mname` AS `it_mname`,`tbl_it_staff`.`it_gender` AS `it_gender`,`tbl_it_staff`.`it_bday` AS `it_bday` from (`tbl_account` join `tbl_it_staff` on((`tbl_account`.`acct_id` = `tbl_it_staff`.`acct_id`)));

-- --------------------------------------------------------

--
-- Structure for view `tbl_view_acc_student`
--
DROP TABLE IF EXISTS `tbl_view_acc_student`;

CREATE ALGORITHM=UNDEFINED DEFINER=`root`@`localhost` SQL SECURITY DEFINER VIEW `tbl_view_acc_student` AS select `tbl_account`.`acct_id` AS `acct_id`,`tbl_account`.`acct_username` AS `acct_username`,`tbl_account`.`acct_password` AS `acct_password`,`tbl_account`.`acct_type_name` AS `acct_type_name`,`tbl_student`.`stud_id` AS `stud_id`,`tbl_student`.`stud_fname` AS `stud_fname`,`tbl_student`.`stud_lname` AS `stud_lname`,`tbl_student`.`stud_mname` AS `stud_mname`,`tbl_student`.`stud_gender` AS `stud_gender`,`tbl_student`.`stud_bday` AS `stud_bday`,`tbl_student`.`sec_id` AS `sec_id`,`tbl_section`.`section_name` AS `section_name`,`tbl_student`.`sy_id` AS `sy_id`,`tbl_school_year`.`sy_start` AS `sy_start`,`tbl_school_year`.`sy_end` AS `sy_end` from (((`tbl_account` join `tbl_student` on((`tbl_account`.`acct_id` = `tbl_student`.`acct_id`))) join `tbl_section` on((`tbl_student`.`sec_id` = `tbl_section`.`section_id`))) join `tbl_school_year` on((`tbl_student`.`sy_id` = `tbl_school_year`.`sy_id`)));

-- --------------------------------------------------------

--
-- Structure for view `tbl_view_student_quiz_report_individual`
--
DROP TABLE IF EXISTS `tbl_view_student_quiz_report_individual`;

CREATE ALGORITHM=UNDEFINED DEFINER=`root`@`localhost` SQL SECURITY DEFINER VIEW `tbl_view_student_quiz_report_individual` AS select `tbl_student`.`stud_id` AS `stud_id`,`tbl_student`.`stud_fname` AS `stud_fname`,`tbl_student`.`stud_lname` AS `stud_lname`,`tbl_student`.`stud_mname` AS `stud_mname`,`tbl_student`.`stud_gender` AS `stud_gender`,`tbl_student`.`stud_bday` AS `stud_bday`,`tbl_student`.`sec_id` AS `sec_id`,`tbl_student`.`sy_id` AS `sy_id`,`tbl_student`.`acct_id` AS `acct_id`,`tbl_section`.`section_name` AS `section_name`,`tbl_school_year`.`sy_start` AS `sy_start`,`tbl_school_year`.`sy_end` AS `sy_end`,`tbl_student_quiz_result`.`stud_quiz_res_date_taken` AS `stud_quiz_res_date_taken`,`tbl_student_quiz_result`.`stud_quiz_result_no_of_items` AS `stud_quiz_result_no_of_items`,`tbl_student_quiz_result`.`stud_quiz_res_correct` AS `stud_quiz_res_correct`,`tbl_student_quiz_result`.`stud_quiz_res_wrong` AS `stud_quiz_res_wrong`,`tbl_student_quiz_result`.`quiz_result_status_id` AS `quiz_result_status_id`,`tbl_quiz_result_status`.`quiz_result_status_name` AS `quiz_result_status_name`,`tbl_lesson`.`level_id` AS `level_id`,`tbl_level`.`level_name` AS `level_name`,`tbl_lesson`.`subj_id` AS `subj_id`,`tbl_subject`.`subj_name` AS `subj_name`,`tbl_month_quarter`.`month_quarterd_date_start` AS `month_quarterd_date_start`,`tbl_month_quarter`.`month_quarterd_date_end` AS `month_quarterd_date_end`,`tbl_month`.`month_name` AS `month_name` from (`tbl_section` join ((((((((`tbl_student` join `tbl_student_quiz_result` on((`tbl_student`.`stud_id` = `tbl_student_quiz_result`.`stud_id`))) join `tbl_quiz_result_status` on((`tbl_student_quiz_result`.`quiz_result_status_id` = `tbl_quiz_result_status`.`quiz_result_status_id`))) join `tbl_lesson` on((`tbl_student_quiz_result`.`lesson_id` = `tbl_lesson`.`lesson_id`))) join `tbl_level` on((`tbl_lesson`.`level_id` = `tbl_level`.`level_id`))) join `tbl_month_quarter` on((`tbl_lesson`.`month_quarter_id` = `tbl_month_quarter`.`month_quarter_id`))) join `tbl_month` on((`tbl_month_quarter`.`month_id` = `tbl_month`.`month_id`))) join `tbl_subject` on((`tbl_lesson`.`subj_id` = `tbl_subject`.`subj_id`))) join `tbl_school_year` on(((`tbl_school_year`.`sy_id` = `tbl_lesson`.`sy_id`) and (`tbl_student`.`sy_id` = `tbl_school_year`.`sy_id`)))) on((`tbl_section`.`section_id` = `tbl_student`.`sec_id`)));

--
-- Constraints for dumped tables
--

--
-- Constraints for table `tbl_account`
--
ALTER TABLE `tbl_account`
  ADD CONSTRAINT `FK_tbl_account_from_tbl_account_type` FOREIGN KEY (`acct_type_name`) REFERENCES `tbl_account_type` (`acct_type_name`) ON DELETE CASCADE ON UPDATE CASCADE;

--
-- Constraints for table `tbl_it_staff`
--
ALTER TABLE `tbl_it_staff`
  ADD CONSTRAINT `FK_tbl_it_staff_from_tbl_account` FOREIGN KEY (`acct_id`) REFERENCES `tbl_account` (`acct_id`) ON DELETE CASCADE ON UPDATE CASCADE;

--
-- Constraints for table `tbl_lecture`
--
ALTER TABLE `tbl_lecture`
  ADD CONSTRAINT `FK_tbl_lecture_from_tbl_lesson` FOREIGN KEY (`lesson_id`) REFERENCES `tbl_lesson` (`lesson_id`) ON DELETE CASCADE ON UPDATE CASCADE,
  ADD CONSTRAINT `FK_tbl_lecture_from_tbl_subject_coordinator` FOREIGN KEY (`subj_co_id`) REFERENCES `tbl_subject_coordinator` (`subj_co_id`) ON DELETE CASCADE ON UPDATE CASCADE;

--
-- Constraints for table `tbl_lesson`
--
ALTER TABLE `tbl_lesson`
  ADD CONSTRAINT `FK_tbl_lesson` FOREIGN KEY (`month_quarter_id`) REFERENCES `tbl_month_quarter` (`month_quarter_id`) ON DELETE CASCADE ON UPDATE CASCADE,
  ADD CONSTRAINT `FK_tbl_lesson_from_tbl_level` FOREIGN KEY (`level_id`) REFERENCES `tbl_level` (`level_id`) ON DELETE CASCADE ON UPDATE CASCADE,
  ADD CONSTRAINT `FK_tbl_lesson_from_tbl_school_year` FOREIGN KEY (`sy_id`) REFERENCES `tbl_school_year` (`sy_id`) ON DELETE CASCADE ON UPDATE CASCADE,
  ADD CONSTRAINT `FK_tbl_lesson_from_tbl_subject` FOREIGN KEY (`subj_id`) REFERENCES `tbl_subject` (`subj_id`) ON DELETE CASCADE ON UPDATE CASCADE;

--
-- Constraints for table `tbl_month_quarter`
--
ALTER TABLE `tbl_month_quarter`
  ADD CONSTRAINT `FK_tbl_month_quarter_from_tbl_month` FOREIGN KEY (`month_id`) REFERENCES `tbl_month` (`month_id`) ON DELETE CASCADE ON UPDATE CASCADE,
  ADD CONSTRAINT `FK_tbl_month_quarter_from_tbl_school_year` FOREIGN KEY (`sy_id`) REFERENCES `tbl_school_year` (`sy_id`) ON DELETE CASCADE ON UPDATE CASCADE;

--
-- Constraints for table `tbl_raw_quiz`
--
ALTER TABLE `tbl_raw_quiz`
  ADD CONSTRAINT `FK_tbl_raw_quiz_from_tbl_lesson` FOREIGN KEY (`lesson_id`) REFERENCES `tbl_lesson` (`lesson_id`) ON DELETE CASCADE ON UPDATE CASCADE,
  ADD CONSTRAINT `FK_tbl_raw_quiz_from_tbl_subject_coordinator` FOREIGN KEY (`subj_co_id`) REFERENCES `tbl_subject_coordinator` (`subj_co_id`) ON DELETE CASCADE ON UPDATE CASCADE;

--
-- Constraints for table `tbl_ready_quiz`
--
ALTER TABLE `tbl_ready_quiz`
  ADD CONSTRAINT `FK_tbl_ready_quiz_from_tbl_it_staff` FOREIGN KEY (`it_id`) REFERENCES `tbl_it_staff` (`it_id`) ON DELETE CASCADE ON UPDATE CASCADE,
  ADD CONSTRAINT `FK_tbl_ready_quiz_from_tbl_lesson` FOREIGN KEY (`lesson_id`) REFERENCES `tbl_lesson` (`lesson_id`) ON DELETE CASCADE ON UPDATE CASCADE;

--
-- Constraints for table `tbl_ready_quiz_item`
--
ALTER TABLE `tbl_ready_quiz_item`
  ADD CONSTRAINT `FK_tbl_ready_quiz_item_from_tbl_ready_quiz_2` FOREIGN KEY (`ready_quiz_id`) REFERENCES `tbl_ready_quiz` (`ready_quiz_id`) ON DELETE CASCADE ON UPDATE CASCADE;

--
-- Constraints for table `tbl_student`
--
ALTER TABLE `tbl_student`
  ADD CONSTRAINT `FK_tbl_student_from_tbl_account` FOREIGN KEY (`acct_id`) REFERENCES `tbl_account` (`acct_id`) ON DELETE CASCADE ON UPDATE CASCADE,
  ADD CONSTRAINT `FK_tbl_student_from_tbl_school_year` FOREIGN KEY (`sy_id`) REFERENCES `tbl_school_year` (`sy_id`) ON DELETE CASCADE ON UPDATE CASCADE,
  ADD CONSTRAINT `FK_tbl_student_from_tbl_section` FOREIGN KEY (`sec_id`) REFERENCES `tbl_section` (`section_id`) ON DELETE CASCADE ON UPDATE CASCADE;

--
-- Constraints for table `tbl_student_answer`
--
ALTER TABLE `tbl_student_answer`
  ADD CONSTRAINT `FK_tbl_student_answer_from_tbl_ready_quiz_item` FOREIGN KEY (`ready_quiz_item_id`) REFERENCES `tbl_ready_quiz_item` (`ready_quiz_item_id`) ON DELETE CASCADE ON UPDATE CASCADE,
  ADD CONSTRAINT `FK_tbl_student_answer_from_tbl_student` FOREIGN KEY (`stud_id`) REFERENCES `tbl_student` (`stud_id`) ON DELETE CASCADE ON UPDATE CASCADE;

--
-- Constraints for table `tbl_student_quiz_result`
--
ALTER TABLE `tbl_student_quiz_result`
  ADD CONSTRAINT `FK_tbl_student_quiz_result_from_tbl_lesson_id` FOREIGN KEY (`lesson_id`) REFERENCES `tbl_lesson` (`lesson_id`) ON DELETE CASCADE ON UPDATE CASCADE,
  ADD CONSTRAINT `FK_tbl_student_quiz_result_from_tbl_quiz_result_status` FOREIGN KEY (`quiz_result_status_id`) REFERENCES `tbl_quiz_result_status` (`quiz_result_status_id`),
  ADD CONSTRAINT `FK_tbl_student_quiz_result_from_tbl_student` FOREIGN KEY (`stud_id`) REFERENCES `tbl_student` (`stud_id`) ON DELETE CASCADE ON UPDATE CASCADE;

--
-- Constraints for table `tbl_subject_coordinator`
--
ALTER TABLE `tbl_subject_coordinator`
  ADD CONSTRAINT `FK_tbl_subject_coordinator_from_tbl_account` FOREIGN KEY (`acct_id`) REFERENCES `tbl_account` (`acct_id`) ON DELETE CASCADE ON UPDATE CASCADE,
  ADD CONSTRAINT `FK_tbl_subject_coordinator_from_tbl_subject` FOREIGN KEY (`subj_id`) REFERENCES `tbl_subject` (`subj_id`) ON DELETE CASCADE ON UPDATE CASCADE;

/*!40101 SET CHARACTER_SET_CLIENT=@OLD_CHARACTER_SET_CLIENT */;
/*!40101 SET CHARACTER_SET_RESULTS=@OLD_CHARACTER_SET_RESULTS */;
/*!40101 SET COLLATION_CONNECTION=@OLD_COLLATION_CONNECTION */;
